file_id,dataset_id,mip_era,activity_drs,institution_id,source_id,experiment_id,member_id,table_id,frequency,grid_label,version,nominal_resolution,variable_id,variable_long_name.x,variable_units,datetime_start,datetime_end,file_size,data_node,file_url,tracking_id,variable_long_name0,variable_long_name.y,source_id.y,dir,file_name,path
CMIP6.CMIP.BCC.BCC-CSM2-MR.historical.r1i1p1f1.Amon.hfls.gn.v20181126.hfls_Amon_BCC-CSM2-MR_historical_r1i1p1f1_gn_185001-201412.nc|cmip.bcc.cma.cn,CMIP6.CMIP.BCC.BCC-CSM2-MR.historical.r1i1p1f1.Amon.hfls.gn.v20181126|cmip.bcc.cma.cn,CMIP6,CMIP,BCC,BCC-CSM2-MR,historical,r1i1p1f1,Amon,mon,gn,1,100 km,hfls,Surface Upward Latent Heat Flux,W m-2,1850-01-01T00:00:00Z,2014-12-01T00:00:00Z,405577464,cmip.bcc.cma.cn,http://cmip.bcc.cma.cn/thredds/fileServer/cmip6_data/CMIP/BCC/BCC-CSM2-MR/historical/r1i1p1f1/Amon/hfls/gn/v20181126/hfls_Amon_BCC-CSM2-MR_historical_r1i1p1f1_gn_185001-201412.nc,hdl:21.14100/875e373b-3925-4674-b6f3-7d4263965ca9,Surface Upward Latent Heat Flux,surface_upward_latent_heat_flux,bcc_csm2_mr,/Users/scottericr/Documents/heliconia-cmip/data_raw/bcc_csm2_mr/historical,hfls_historical_BCC-CSM2-MR_1850-01-01--2014-12-01.nc,/Users/scottericr/Documents/heliconia-cmip/data_raw/bcc_csm2_mr/historical/hfls_historical_BCC-CSM2-MR_1850-01-01--2014-12-01.nc
CMIP6.CMIP.BCC.BCC-CSM2-MR.historical.r1i1p1f1.Amon.hfss.gn.v20181126.hfss_Amon_BCC-CSM2-MR_historical_r1i1p1f1_gn_185001-201412.nc|cmip.bcc.cma.cn,CMIP6.CMIP.BCC.BCC-CSM2-MR.historical.r1i1p1f1.Amon.hfss.gn.v20181126|cmip.bcc.cma.cn,CMIP6,CMIP,BCC,BCC-CSM2-MR,historical,r1i1p1f1,Amon,mon,gn,1,100 km,hfss,Surface Upward Sensible Heat Flux,W m-2,1850-01-01T00:00:00Z,2014-12-01T00:00:00Z,405577920,cmip.bcc.cma.cn,http://cmip.bcc.cma.cn/thredds/fileServer/cmip6_data/CMIP/BCC/BCC-CSM2-MR/historical/r1i1p1f1/Amon/hfss/gn/v20181126/hfss_Amon_BCC-CSM2-MR_historical_r1i1p1f1_gn_185001-201412.nc,hdl:21.14100/5844a0b5-e0e7-4abf-b05a-cfac57f5f746,Surface Upward Sensible Heat Flux,surface_upward_sensible_heat_flux,bcc_csm2_mr,/Users/scottericr/Documents/heliconia-cmip/data_raw/bcc_csm2_mr/historical,hfss_historical_BCC-CSM2-MR_1850-01-01--2014-12-01.nc,/Users/scottericr/Documents/heliconia-cmip/data_raw/bcc_csm2_mr/historical/hfss_historical_BCC-CSM2-MR_1850-01-01--2014-12-01.nc
CMIP6.CMIP.BCC.BCC-CSM2-MR.historical.r1i1p1f1.Amon.pr.gn.v20181126.pr_Amon_BCC-CSM2-MR_historical_r1i1p1f1_gn_185001-201412.nc|cmip.bcc.cma.cn,CMIP6.CMIP.BCC.BCC-CSM2-MR.historical.r1i1p1f1.Amon.pr.gn.v20181126|cmip.bcc.cma.cn,CMIP6,CMIP,BCC,BCC-CSM2-MR,historical,r1i1p1f1,Amon,mon,gn,1,100 km,pr,Precipitation,kg m-2 s-1,1850-01-01T00:00:00Z,2014-12-01T00:00:00Z,405577048,cmip.bcc.cma.cn,http://cmip.bcc.cma.cn/thredds/fileServer/cmip6_data/CMIP/BCC/BCC-CSM2-MR/historical/r1i1p1f1/Amon/pr/gn/v20181126/pr_Amon_BCC-CSM2-MR_historical_r1i1p1f1_gn_185001-201412.nc,hdl:21.14100/7b6d329a-4b9a-4646-8e7c-0c2a56bfd098,Precipitation,precipitation,bcc_csm2_mr,/Users/scottericr/Documents/heliconia-cmip/data_raw/bcc_csm2_mr/historical,pr_historical_BCC-CSM2-MR_1850-01-01--2014-12-01.nc,/Users/scottericr/Documents/heliconia-cmip/data_raw/bcc_csm2_mr/historical/pr_historical_BCC-CSM2-MR_1850-01-01--2014-12-01.nc
CMIP6.CMIP.BCC.BCC-CSM2-MR.historical.r1i1p1f1.Amon.tas.gn.v20181126.tas_Amon_BCC-CSM2-MR_historical_r1i1p1f1_gn_185001-201412.nc|cmip.bcc.cma.cn,CMIP6.CMIP.BCC.BCC-CSM2-MR.historical.r1i1p1f1.Amon.tas.gn.v20181126|cmip.bcc.cma.cn,CMIP6,CMIP,BCC,BCC-CSM2-MR,historical,r1i1p1f1,Amon,mon,gn,1,100 km,tas,Near-Surface Air Temperature,K,1850-01-01T00:00:00Z,2014-12-01T00:00:00Z,405577368,cmip.bcc.cma.cn,http://cmip.bcc.cma.cn/thredds/fileServer/cmip6_data/CMIP/BCC/BCC-CSM2-MR/historical/r1i1p1f1/Amon/tas/gn/v20181126/tas_Amon_BCC-CSM2-MR_historical_r1i1p1f1_gn_185001-201412.nc,hdl:21.14100/007da5e5-12bb-4fe9-8df9-5cd473280650,Near-Surface Air Temperature,near_surface_air_temperature,bcc_csm2_mr,/Users/scottericr/Documents/heliconia-cmip/data_raw/bcc_csm2_mr/historical,tas_historical_BCC-CSM2-MR_1850-01-01--2014-12-01.nc,/Users/scottericr/Documents/heliconia-cmip/data_raw/bcc_csm2_mr/historical/tas_historical_BCC-CSM2-MR_1850-01-01--2014-12-01.nc
CMIP6.CMIP.BCC.BCC-CSM2-MR.historical.r1i1p1f1.Amon.tasmin.gn.v20181126.tasmin_Amon_BCC-CSM2-MR_historical_r1i1p1f1_gn_185001-201412.nc|cmip.bcc.cma.cn,CMIP6.CMIP.BCC.BCC-CSM2-MR.historical.r1i1p1f1.Amon.tasmin.gn.v20181126|cmip.bcc.cma.cn,CMIP6,CMIP,BCC,BCC-CSM2-MR,historical,r1i1p1f1,Amon,mon,gn,1,100 km,tasmin,Daily Minimum Near-Surface Air Temperature,K,1850-01-01T00:00:00Z,2014-12-01T00:00:00Z,405577476,cmip.bcc.cma.cn,http://cmip.bcc.cma.cn/thredds/fileServer/cmip6_data/CMIP/BCC/BCC-CSM2-MR/historical/r1i1p1f1/Amon/tasmin/gn/v20181126/tasmin_Amon_BCC-CSM2-MR_historical_r1i1p1f1_gn_185001-201412.nc,hdl:21.14100/0cf659eb-4d48-4d79-a3db-bcf4d27d1377,Daily Minimum Near-Surface Air Temperature,daily_minimum_near_surface_air_temperature,bcc_csm2_mr,/Users/scottericr/Documents/heliconia-cmip/data_raw/bcc_csm2_mr/historical,tasmin_historical_BCC-CSM2-MR_1850-01-01--2014-12-01.nc,/Users/scottericr/Documents/heliconia-cmip/data_raw/bcc_csm2_mr/historical/tasmin_historical_BCC-CSM2-MR_1850-01-01--2014-12-01.nc
CMIP6.CMIP.FIO-QLNM.FIO-ESM-2-0.historical.r1i1p1f1.Amon.pr.gn.v20191209.pr_Amon_FIO-ESM-2-0_historical_r1i1p1f1_gn_185001-201412.nc|cmip.fio.org.cn,CMIP6.CMIP.FIO-QLNM.FIO-ESM-2-0.historical.r1i1p1f1.Amon.pr.gn.v20191209|cmip.fio.org.cn,CMIP6,CMIP,FIO-QLNM,FIO-ESM-2-0,historical,r1i1p1f1,Amon,mon,gn,1,100 km,pr,Precipitation,kg m-2 s-1,1850-01-01T00:00:00Z,2014-12-01T00:00:00Z,395748861,cmip.fio.org.cn,http://cmip.fio.org.cn/thredds/fileServer/esg_dataroot/cmip6/CMIP6/CMIP/FIO-QLNM/FIO-ESM-2-0/historical/r1i1p1f1/Amon/pr/gn/v20191209/pr_Amon_FIO-ESM-2-0_historical_r1i1p1f1_gn_185001-201412.nc,hdl:21.14100/5ed53e71-e0e0-414e-beca-70e0ae035ba1,Precipitation,precipitation,fio_esm_2_0,/Users/scottericr/Documents/heliconia-cmip/data_raw/fio_esm_2_0/historical,pr_historical_FIO-ESM-2-0_1850-01-01--2014-12-01.nc,/Users/scottericr/Documents/heliconia-cmip/data_raw/fio_esm_2_0/historical/pr_historical_FIO-ESM-2-0_1850-01-01--2014-12-01.nc
CMIP6.CMIP.FIO-QLNM.FIO-ESM-2-0.historical.r1i1p1f1.Amon.tasmax.gn.v20200921.tasmax_Amon_FIO-ESM-2-0_historical_r1i1p1f1_gn_185001-201412.nc|cmip.fio.org.cn,CMIP6.CMIP.FIO-QLNM.FIO-ESM-2-0.historical.r1i1p1f1.Amon.tasmax.gn.v20200921|cmip.fio.org.cn,CMIP6,CMIP,FIO-QLNM,FIO-ESM-2-0,historical,r1i1p1f1,Amon,mon,gn,1,100 km,tasmax,Daily Maximum Near-Surface Air Temperature,K,1850-01-01T00:00:00Z,2014-12-01T00:00:00Z,332583273,cmip.fio.org.cn,http://cmip.fio.org.cn/thredds/fileServer/esg_dataroot/cmip6/CMIP6/CMIP/FIO-QLNM/FIO-ESM-2-0/historical/r1i1p1f1/Amon/tasmax/gn/v20200921/tasmax_Amon_FIO-ESM-2-0_historical_r1i1p1f1_gn_185001-201412.nc,hdl:21.14100/25ff0c63-e4bc-402c-8745-951cfd5c491b,Daily Maximum Near-Surface Air Temperature,daily_maximum_near_surface_air_temperature,fio_esm_2_0,/Users/scottericr/Documents/heliconia-cmip/data_raw/fio_esm_2_0/historical,tasmax_historical_FIO-ESM-2-0_1850-01-01--2014-12-01.nc,/Users/scottericr/Documents/heliconia-cmip/data_raw/fio_esm_2_0/historical/tasmax_historical_FIO-ESM-2-0_1850-01-01--2014-12-01.nc
CMIP6.CMIP.FIO-QLNM.FIO-ESM-2-0.historical.r1i1p1f1.Amon.tasmin.gn.v20200921.tasmin_Amon_FIO-ESM-2-0_historical_r1i1p1f1_gn_185001-201412.nc|cmip.fio.org.cn,CMIP6.CMIP.FIO-QLNM.FIO-ESM-2-0.historical.r1i1p1f1.Amon.tasmin.gn.v20200921|cmip.fio.org.cn,CMIP6,CMIP,FIO-QLNM,FIO-ESM-2-0,historical,r1i1p1f1,Amon,mon,gn,1,100 km,tasmin,Daily Minimum Near-Surface Air Temperature,K,1850-01-01T00:00:00Z,2014-12-01T00:00:00Z,333537175,cmip.fio.org.cn,http://cmip.fio.org.cn/thredds/fileServer/esg_dataroot/cmip6/CMIP6/CMIP/FIO-QLNM/FIO-ESM-2-0/historical/r1i1p1f1/Amon/tasmin/gn/v20200921/tasmin_Amon_FIO-ESM-2-0_historical_r1i1p1f1_gn_185001-201412.nc,hdl:21.14100/9fe680b3-c6b5-478f-b0d5-68880894a007,Daily Minimum Near-Surface Air Temperature,daily_minimum_near_surface_air_temperature,fio_esm_2_0,/Users/scottericr/Documents/heliconia-cmip/data_raw/fio_esm_2_0/historical,tasmin_historical_FIO-ESM-2-0_1850-01-01--2014-12-01.nc,/Users/scottericr/Documents/heliconia-cmip/data_raw/fio_esm_2_0/historical/tasmin_historical_FIO-ESM-2-0_1850-01-01--2014-12-01.nc
CMIP6.CMIP.MRI.MRI-ESM2-0.historical.r1i1p1f1.Amon.hfls.gn.v20190222.hfls_Amon_MRI-ESM2-0_historical_r1i1p1f1_gn_185001-201412.nc|esgf-data2.diasjp.net,CMIP6.CMIP.MRI.MRI-ESM2-0.historical.r1i1p1f1.Amon.hfls.gn.v20190222|esgf-data2.diasjp.net,CMIP6,CMIP,MRI,MRI-ESM2-0,historical,r1i1p1f1,Amon,mon,gn,1,100 km,hfls,Surface Upward Latent Heat Flux,W m-2,1850-01-01T00:00:00Z,2014-12-01T00:00:00Z,316282162,esgf-data2.diasjp.net,http://esgf-data2.diasjp.net/thredds/fileServer/esg_dataroot/CMIP6/CMIP/MRI/MRI-ESM2-0/historical/r1i1p1f1/Amon/hfls/gn/v20190222/hfls_Amon_MRI-ESM2-0_historical_r1i1p1f1_gn_185001-201412.nc,hdl:21.14100/f73183de-d6ab-43e1-9d44-d64982047b09,Surface Upward Latent Heat Flux,surface_upward_latent_heat_flux,mri_esm2_0,/Users/scottericr/Documents/heliconia-cmip/data_raw/mri_esm2_0/historical,hfls_historical_MRI-ESM2-0_1850-01-01--2014-12-01.nc,/Users/scottericr/Documents/heliconia-cmip/data_raw/mri_esm2_0/historical/hfls_historical_MRI-ESM2-0_1850-01-01--2014-12-01.nc
CMIP6.CMIP.MRI.MRI-ESM2-0.historical.r1i1p1f1.Amon.hfss.gn.v20190222.hfss_Amon_MRI-ESM2-0_historical_r1i1p1f1_gn_185001-201412.nc|esgf-data2.diasjp.net,CMIP6.CMIP.MRI.MRI-ESM2-0.historical.r1i1p1f1.Amon.hfss.gn.v20190222|esgf-data2.diasjp.net,CMIP6,CMIP,MRI,MRI-ESM2-0,historical,r1i1p1f1,Amon,mon,gn,1,100 km,hfss,Surface Upward Sensible Heat Flux,W m-2,1850-01-01T00:00:00Z,2014-12-01T00:00:00Z,319203900,esgf-data2.diasjp.net,http://esgf-data2.diasjp.net/thredds/fileServer/esg_dataroot/CMIP6/CMIP/MRI/MRI-ESM2-0/historical/r1i1p1f1/Amon/hfss/gn/v20190222/hfss_Amon_MRI-ESM2-0_historical_r1i1p1f1_gn_185001-201412.nc,hdl:21.14100/8f2345d3-51dc-46a2-a5f8-efc13f8822f6,Surface Upward Sensible Heat Flux,surface_upward_sensible_heat_flux,mri_esm2_0,/Users/scottericr/Documents/heliconia-cmip/data_raw/mri_esm2_0/historical,hfss_historical_MRI-ESM2-0_1850-01-01--2014-12-01.nc,/Users/scottericr/Documents/heliconia-cmip/data_raw/mri_esm2_0/historical/hfss_historical_MRI-ESM2-0_1850-01-01--2014-12-01.nc
CMIP6.CMIP.MRI.MRI-ESM2-0.historical.r1i1p1f1.Amon.pr.gn.v20190222.pr_Amon_MRI-ESM2-0_historical_r1i1p1f1_gn_185001-201412.nc|esgf-data2.diasjp.net,CMIP6.CMIP.MRI.MRI-ESM2-0.historical.r1i1p1f1.Amon.pr.gn.v20190222|esgf-data2.diasjp.net,CMIP6,CMIP,MRI,MRI-ESM2-0,historical,r1i1p1f1,Amon,mon,gn,1,100 km,pr,Precipitation,kg m-2 s-1,1850-01-01T00:00:00Z,2014-12-01T00:00:00Z,320764950,esgf-data2.diasjp.net,http://esgf-data2.diasjp.net/thredds/fileServer/esg_dataroot/CMIP6/CMIP/MRI/MRI-ESM2-0/historical/r1i1p1f1/Amon/pr/gn/v20190222/pr_Amon_MRI-ESM2-0_historical_r1i1p1f1_gn_185001-201412.nc,hdl:21.14100/e0027ff7-360d-4529-b7cb-410dc63dc920,Precipitation,precipitation,mri_esm2_0,/Users/scottericr/Documents/heliconia-cmip/data_raw/mri_esm2_0/historical,pr_historical_MRI-ESM2-0_1850-01-01--2014-12-01.nc,/Users/scottericr/Documents/heliconia-cmip/data_raw/mri_esm2_0/historical/pr_historical_MRI-ESM2-0_1850-01-01--2014-12-01.nc
CMIP6.CMIP.MRI.MRI-ESM2-0.historical.r1i1p1f1.Amon.tas.gn.v20190222.tas_Amon_MRI-ESM2-0_historical_r1i1p1f1_gn_185001-201412.nc|esgf-data2.diasjp.net,CMIP6.CMIP.MRI.MRI-ESM2-0.historical.r1i1p1f1.Amon.tas.gn.v20190222|esgf-data2.diasjp.net,CMIP6,CMIP,MRI,MRI-ESM2-0,historical,r1i1p1f1,Amon,mon,gn,1,100 km,tas,Near-Surface Air Temperature,K,1850-01-01T00:00:00Z,2014-12-01T00:00:00Z,225391459,esgf-data2.diasjp.net,http://esgf-data2.diasjp.net/thredds/fileServer/esg_dataroot/CMIP6/CMIP/MRI/MRI-ESM2-0/historical/r1i1p1f1/Amon/tas/gn/v20190222/tas_Amon_MRI-ESM2-0_historical_r1i1p1f1_gn_185001-201412.nc,hdl:21.14100/c881548e-03d5-43e1-82f3-568eee6494a2,Near-Surface Air Temperature,near_surface_air_temperature,mri_esm2_0,/Users/scottericr/Documents/heliconia-cmip/data_raw/mri_esm2_0/historical,tas_historical_MRI-ESM2-0_1850-01-01--2014-12-01.nc,/Users/scottericr/Documents/heliconia-cmip/data_raw/mri_esm2_0/historical/tas_historical_MRI-ESM2-0_1850-01-01--2014-12-01.nc
CMIP6.CMIP.MRI.MRI-ESM2-0.historical.r1i1p1f1.Amon.tasmax.gn.v20190222.tasmax_Amon_MRI-ESM2-0_historical_r1i1p1f1_gn_185001-201412.nc|esgf-data2.diasjp.net,CMIP6.CMIP.MRI.MRI-ESM2-0.historical.r1i1p1f1.Amon.tasmax.gn.v20190222|esgf-data2.diasjp.net,CMIP6,CMIP,MRI,MRI-ESM2-0,historical,r1i1p1f1,Amon,mon,gn,1,100 km,tasmax,Daily Maximum Near-Surface Air Temperature,K,1850-01-01T00:00:00Z,2014-12-01T00:00:00Z,226465504,esgf-data2.diasjp.net,http://esgf-data2.diasjp.net/thredds/fileServer/esg_dataroot/CMIP6/CMIP/MRI/MRI-ESM2-0/historical/r1i1p1f1/Amon/tasmax/gn/v20190222/tasmax_Amon_MRI-ESM2-0_historical_r1i1p1f1_gn_185001-201412.nc,hdl:21.14100/eace8b52-a3be-4835-aa1d-b90b576c67d7,Daily Maximum Near-Surface Air Temperature,daily_maximum_near_surface_air_temperature,mri_esm2_0,/Users/scottericr/Documents/heliconia-cmip/data_raw/mri_esm2_0/historical,tasmax_historical_MRI-ESM2-0_1850-01-01--2014-12-01.nc,/Users/scottericr/Documents/heliconia-cmip/data_raw/mri_esm2_0/historical/tasmax_historical_MRI-ESM2-0_1850-01-01--2014-12-01.nc
CMIP6.ScenarioMIP.BCC.BCC-CSM2-MR.ssp126.r1i1p1f1.Amon.tas.gn.v20190314.tas_Amon_BCC-CSM2-MR_ssp126_r1i1p1f1_gn_201501-210012.nc|cmip.bcc.cma.cn,CMIP6.ScenarioMIP.BCC.BCC-CSM2-MR.ssp126.r1i1p1f1.Amon.tas.gn.v20190314|cmip.bcc.cma.cn,CMIP6,ScenarioMIP,BCC,BCC-CSM2-MR,ssp126,r1i1p1f1,Amon,mon,gn,1,100 km,tas,Near-Surface Air Temperature,K,2015-01-01T00:00:00Z,2100-12-01T00:00:00Z,211404216,cmip.bcc.cma.cn,http://cmip.bcc.cma.cn/thredds/fileServer/cmip6_data/ScenarioMIP/BCC/BCC-CSM2-MR/ssp126/r1i1p1f1/Amon/tas/gn/v20190314/tas_Amon_BCC-CSM2-MR_ssp126_r1i1p1f1_gn_201501-210012.nc,hdl:21.14100/378373ed-a6ac-46dc-b13b-2d59c11b6391,Near-Surface Air Temperature,near_surface_air_temperature,bcc_csm2_mr,/Users/scottericr/Documents/heliconia-cmip/data_raw/bcc_csm2_mr/ssp126,tas_ssp126_BCC-CSM2-MR_2015-01-01--2100-12-01.nc,/Users/scottericr/Documents/heliconia-cmip/data_raw/bcc_csm2_mr/ssp126/tas_ssp126_BCC-CSM2-MR_2015-01-01--2100-12-01.nc
CMIP6.ScenarioMIP.BCC.BCC-CSM2-MR.ssp126.r1i1p1f1.Amon.tasmax.gn.v20190314.tasmax_Amon_BCC-CSM2-MR_ssp126_r1i1p1f1_gn_201501-210012.nc|cmip.bcc.cma.cn,CMIP6.ScenarioMIP.BCC.BCC-CSM2-MR.ssp126.r1i1p1f1.Amon.tasmax.gn.v20190314|cmip.bcc.cma.cn,CMIP6,ScenarioMIP,BCC,BCC-CSM2-MR,ssp126,r1i1p1f1,Amon,mon,gn,1,100 km,tasmax,Daily Maximum Near-Surface Air Temperature,K,2015-01-01T00:00:00Z,2100-12-01T00:00:00Z,211404324,cmip.bcc.cma.cn,http://cmip.bcc.cma.cn/thredds/fileServer/cmip6_data/ScenarioMIP/BCC/BCC-CSM2-MR/ssp126/r1i1p1f1/Amon/tasmax/gn/v20190314/tasmax_Amon_BCC-CSM2-MR_ssp126_r1i1p1f1_gn_201501-210012.nc,hdl:21.14100/6d6872f9-9a2b-4234-8d44-936336bbf888,Daily Maximum Near-Surface Air Temperature,daily_maximum_near_surface_air_temperature,bcc_csm2_mr,/Users/scottericr/Documents/heliconia-cmip/data_raw/bcc_csm2_mr/ssp126,tasmax_ssp126_BCC-CSM2-MR_2015-01-01--2100-12-01.nc,/Users/scottericr/Documents/heliconia-cmip/data_raw/bcc_csm2_mr/ssp126/tasmax_ssp126_BCC-CSM2-MR_2015-01-01--2100-12-01.nc
CMIP6.ScenarioMIP.BCC.BCC-CSM2-MR.ssp126.r1i1p1f1.Amon.tasmin.gn.v20190314.tasmin_Amon_BCC-CSM2-MR_ssp126_r1i1p1f1_gn_201501-210012.nc|cmip.bcc.cma.cn,CMIP6.ScenarioMIP.BCC.BCC-CSM2-MR.ssp126.r1i1p1f1.Amon.tasmin.gn.v20190314|cmip.bcc.cma.cn,CMIP6,ScenarioMIP,BCC,BCC-CSM2-MR,ssp126,r1i1p1f1,Amon,mon,gn,1,100 km,tasmin,Daily Minimum Near-Surface Air Temperature,K,2015-01-01T00:00:00Z,2100-12-01T00:00:00Z,211404324,cmip.bcc.cma.cn,http://cmip.bcc.cma.cn/thredds/fileServer/cmip6_data/ScenarioMIP/BCC/BCC-CSM2-MR/ssp126/r1i1p1f1/Amon/tasmin/gn/v20190314/tasmin_Amon_BCC-CSM2-MR_ssp126_r1i1p1f1_gn_201501-210012.nc,hdl:21.14100/804b1c2b-c2b8-4c55-8e7e-cb1c83ecfc62,Daily Minimum Near-Surface Air Temperature,daily_minimum_near_surface_air_temperature,bcc_csm2_mr,/Users/scottericr/Documents/heliconia-cmip/data_raw/bcc_csm2_mr/ssp126,tasmin_ssp126_BCC-CSM2-MR_2015-01-01--2100-12-01.nc,/Users/scottericr/Documents/heliconia-cmip/data_raw/bcc_csm2_mr/ssp126/tasmin_ssp126_BCC-CSM2-MR_2015-01-01--2100-12-01.nc
CMIP6.ScenarioMIP.BCC.BCC-CSM2-MR.ssp245.r1i1p1f1.Amon.hfls.gn.v20190314.hfls_Amon_BCC-CSM2-MR_ssp245_r1i1p1f1_gn_201501-210012.nc|cmip.bcc.cma.cn,CMIP6.ScenarioMIP.BCC.BCC-CSM2-MR.ssp245.r1i1p1f1.Amon.hfls.gn.v20190314|cmip.bcc.cma.cn,CMIP6,ScenarioMIP,BCC,BCC-CSM2-MR,ssp245,r1i1p1f1,Amon,mon,gn,1,100 km,hfls,Surface Upward Latent Heat Flux,W m-2,2015-01-01T00:00:00Z,2100-12-01T00:00:00Z,211404312,cmip.bcc.cma.cn,http://cmip.bcc.cma.cn/thredds/fileServer/cmip6_data/ScenarioMIP/BCC/BCC-CSM2-MR/ssp245/r1i1p1f1/Amon/hfls/gn/v20190314/hfls_Amon_BCC-CSM2-MR_ssp245_r1i1p1f1_gn_201501-210012.nc,hdl:21.14100/1b727e4f-c78d-4feb-b6da-69c52d5a31cb,Surface Upward Latent Heat Flux,surface_upward_latent_heat_flux,bcc_csm2_mr,/Users/scottericr/Documents/heliconia-cmip/data_raw/bcc_csm2_mr/ssp245,hfls_ssp245_BCC-CSM2-MR_2015-01-01--2100-12-01.nc,/Users/scottericr/Documents/heliconia-cmip/data_raw/bcc_csm2_mr/ssp245/hfls_ssp245_BCC-CSM2-MR_2015-01-01--2100-12-01.nc
CMIP6.ScenarioMIP.BCC.BCC-CSM2-MR.ssp245.r1i1p1f1.Amon.hfss.gn.v20190314.hfss_Amon_BCC-CSM2-MR_ssp245_r1i1p1f1_gn_201501-210012.nc|cmip.bcc.cma.cn,CMIP6.ScenarioMIP.BCC.BCC-CSM2-MR.ssp245.r1i1p1f1.Amon.hfss.gn.v20190314|cmip.bcc.cma.cn,CMIP6,ScenarioMIP,BCC,BCC-CSM2-MR,ssp245,r1i1p1f1,Amon,mon,gn,1,100 km,hfss,Surface Upward Sensible Heat Flux,W m-2,2015-01-01T00:00:00Z,2100-12-01T00:00:00Z,211404768,cmip.bcc.cma.cn,http://cmip.bcc.cma.cn/thredds/fileServer/cmip6_data/ScenarioMIP/BCC/BCC-CSM2-MR/ssp245/r1i1p1f1/Amon/hfss/gn/v20190314/hfss_Amon_BCC-CSM2-MR_ssp245_r1i1p1f1_gn_201501-210012.nc,hdl:21.14100/2789f799-84f8-46eb-82f3-acfc13280334,Surface Upward Sensible Heat Flux,surface_upward_sensible_heat_flux,bcc_csm2_mr,/Users/scottericr/Documents/heliconia-cmip/data_raw/bcc_csm2_mr/ssp245,hfss_ssp245_BCC-CSM2-MR_2015-01-01--2100-12-01.nc,/Users/scottericr/Documents/heliconia-cmip/data_raw/bcc_csm2_mr/ssp245/hfss_ssp245_BCC-CSM2-MR_2015-01-01--2100-12-01.nc
CMIP6.ScenarioMIP.BCC.BCC-CSM2-MR.ssp245.r1i1p1f1.Amon.pr.gn.v20190314.pr_Amon_BCC-CSM2-MR_ssp245_r1i1p1f1_gn_201501-210012.nc|cmip.bcc.cma.cn,CMIP6.ScenarioMIP.BCC.BCC-CSM2-MR.ssp245.r1i1p1f1.Amon.pr.gn.v20190314|cmip.bcc.cma.cn,CMIP6,ScenarioMIP,BCC,BCC-CSM2-MR,ssp245,r1i1p1f1,Amon,mon,gn,1,100 km,pr,Precipitation,kg m-2 s-1,2015-01-01T00:00:00Z,2100-12-01T00:00:00Z,211403896,cmip.bcc.cma.cn,http://cmip.bcc.cma.cn/thredds/fileServer/cmip6_data/ScenarioMIP/BCC/BCC-CSM2-MR/ssp245/r1i1p1f1/Amon/pr/gn/v20190314/pr_Amon_BCC-CSM2-MR_ssp245_r1i1p1f1_gn_201501-210012.nc,hdl:21.14100/1da906b8-06dc-4515-8392-b71ca528420a,Precipitation,precipitation,bcc_csm2_mr,/Users/scottericr/Documents/heliconia-cmip/data_raw/bcc_csm2_mr/ssp245,pr_ssp245_BCC-CSM2-MR_2015-01-01--2100-12-01.nc,/Users/scottericr/Documents/heliconia-cmip/data_raw/bcc_csm2_mr/ssp245/pr_ssp245_BCC-CSM2-MR_2015-01-01--2100-12-01.nc
CMIP6.ScenarioMIP.BCC.BCC-CSM2-MR.ssp245.r1i1p1f1.Amon.tas.gn.v20190314.tas_Amon_BCC-CSM2-MR_ssp245_r1i1p1f1_gn_201501-210012.nc|cmip.bcc.cma.cn,CMIP6.ScenarioMIP.BCC.BCC-CSM2-MR.ssp245.r1i1p1f1.Amon.tas.gn.v20190314|cmip.bcc.cma.cn,CMIP6,ScenarioMIP,BCC,BCC-CSM2-MR,ssp245,r1i1p1f1,Amon,mon,gn,1,100 km,tas,Near-Surface Air Temperature,K,2015-01-01T00:00:00Z,2100-12-01T00:00:00Z,211404216,cmip.bcc.cma.cn,http://cmip.bcc.cma.cn/thredds/fileServer/cmip6_data/ScenarioMIP/BCC/BCC-CSM2-MR/ssp245/r1i1p1f1/Amon/tas/gn/v20190314/tas_Amon_BCC-CSM2-MR_ssp245_r1i1p1f1_gn_201501-210012.nc,hdl:21.14100/89c4b5d6-088a-49e9-8cf8-176e6a7b4a59,Near-Surface Air Temperature,near_surface_air_temperature,bcc_csm2_mr,/Users/scottericr/Documents/heliconia-cmip/data_raw/bcc_csm2_mr/ssp245,tas_ssp245_BCC-CSM2-MR_2015-01-01--2100-12-01.nc,/Users/scottericr/Documents/heliconia-cmip/data_raw/bcc_csm2_mr/ssp245/tas_ssp245_BCC-CSM2-MR_2015-01-01--2100-12-01.nc
CMIP6.ScenarioMIP.BCC.BCC-CSM2-MR.ssp245.r1i1p1f1.Amon.tasmax.gn.v20190314.tasmax_Amon_BCC-CSM2-MR_ssp245_r1i1p1f1_gn_201501-210012.nc|cmip.bcc.cma.cn,CMIP6.ScenarioMIP.BCC.BCC-CSM2-MR.ssp245.r1i1p1f1.Amon.tasmax.gn.v20190314|cmip.bcc.cma.cn,CMIP6,ScenarioMIP,BCC,BCC-CSM2-MR,ssp245,r1i1p1f1,Amon,mon,gn,1,100 km,tasmax,Daily Maximum Near-Surface Air Temperature,K,2015-01-01T00:00:00Z,2100-12-01T00:00:00Z,211404324,cmip.bcc.cma.cn,http://cmip.bcc.cma.cn/thredds/fileServer/cmip6_data/ScenarioMIP/BCC/BCC-CSM2-MR/ssp245/r1i1p1f1/Amon/tasmax/gn/v20190314/tasmax_Amon_BCC-CSM2-MR_ssp245_r1i1p1f1_gn_201501-210012.nc,hdl:21.14100/9ae6f457-3aca-4d17-bdae-14f0ff0e6904,Daily Maximum Near-Surface Air Temperature,daily_maximum_near_surface_air_temperature,bcc_csm2_mr,/Users/scottericr/Documents/heliconia-cmip/data_raw/bcc_csm2_mr/ssp245,tasmax_ssp245_BCC-CSM2-MR_2015-01-01--2100-12-01.nc,/Users/scottericr/Documents/heliconia-cmip/data_raw/bcc_csm2_mr/ssp245/tasmax_ssp245_BCC-CSM2-MR_2015-01-01--2100-12-01.nc
CMIP6.ScenarioMIP.BCC.BCC-CSM2-MR.ssp245.r1i1p1f1.Amon.tasmin.gn.v20190314.tasmin_Amon_BCC-CSM2-MR_ssp245_r1i1p1f1_gn_201501-210012.nc|cmip.bcc.cma.cn,CMIP6.ScenarioMIP.BCC.BCC-CSM2-MR.ssp245.r1i1p1f1.Amon.tasmin.gn.v20190314|cmip.bcc.cma.cn,CMIP6,ScenarioMIP,BCC,BCC-CSM2-MR,ssp245,r1i1p1f1,Amon,mon,gn,1,100 km,tasmin,Daily Minimum Near-Surface Air Temperature,K,2015-01-01T00:00:00Z,2100-12-01T00:00:00Z,211404324,cmip.bcc.cma.cn,http://cmip.bcc.cma.cn/thredds/fileServer/cmip6_data/ScenarioMIP/BCC/BCC-CSM2-MR/ssp245/r1i1p1f1/Amon/tasmin/gn/v20190314/tasmin_Amon_BCC-CSM2-MR_ssp245_r1i1p1f1_gn_201501-210012.nc,hdl:21.14100/045c75d4-fc0d-4bc8-8b97-4f026e45951b,Daily Minimum Near-Surface Air Temperature,daily_minimum_near_surface_air_temperature,bcc_csm2_mr,/Users/scottericr/Documents/heliconia-cmip/data_raw/bcc_csm2_mr/ssp245,tasmin_ssp245_BCC-CSM2-MR_2015-01-01--2100-12-01.nc,/Users/scottericr/Documents/heliconia-cmip/data_raw/bcc_csm2_mr/ssp245/tasmin_ssp245_BCC-CSM2-MR_2015-01-01--2100-12-01.nc
CMIP6.ScenarioMIP.BCC.BCC-CSM2-MR.ssp585.r1i1p1f1.Amon.hfss.gn.v20190314.hfss_Amon_BCC-CSM2-MR_ssp585_r1i1p1f1_gn_201501-210012.nc|cmip.bcc.cma.cn,CMIP6.ScenarioMIP.BCC.BCC-CSM2-MR.ssp585.r1i1p1f1.Amon.hfss.gn.v20190314|cmip.bcc.cma.cn,CMIP6,ScenarioMIP,BCC,BCC-CSM2-MR,ssp585,r1i1p1f1,Amon,mon,gn,1,100 km,hfss,Surface Upward Sensible Heat Flux,W m-2,2015-01-01T00:00:00Z,2100-12-01T00:00:00Z,211404768,cmip.bcc.cma.cn,http://cmip.bcc.cma.cn/thredds/fileServer/cmip6_data/ScenarioMIP/BCC/BCC-CSM2-MR/ssp585/r1i1p1f1/Amon/hfss/gn/v20190314/hfss_Amon_BCC-CSM2-MR_ssp585_r1i1p1f1_gn_201501-210012.nc,hdl:21.14100/c07836b1-722b-4417-b83e-e67c7d8c47df,Surface Upward Sensible Heat Flux,surface_upward_sensible_heat_flux,bcc_csm2_mr,/Users/scottericr/Documents/heliconia-cmip/data_raw/bcc_csm2_mr/ssp585,hfss_ssp585_BCC-CSM2-MR_2015-01-01--2100-12-01.nc,/Users/scottericr/Documents/heliconia-cmip/data_raw/bcc_csm2_mr/ssp585/hfss_ssp585_BCC-CSM2-MR_2015-01-01--2100-12-01.nc
CMIP6.ScenarioMIP.BCC.BCC-CSM2-MR.ssp585.r1i1p1f1.Amon.pr.gn.v20190314.pr_Amon_BCC-CSM2-MR_ssp585_r1i1p1f1_gn_201501-210012.nc|cmip.bcc.cma.cn,CMIP6.ScenarioMIP.BCC.BCC-CSM2-MR.ssp585.r1i1p1f1.Amon.pr.gn.v20190314|cmip.bcc.cma.cn,CMIP6,ScenarioMIP,BCC,BCC-CSM2-MR,ssp585,r1i1p1f1,Amon,mon,gn,1,100 km,pr,Precipitation,kg m-2 s-1,2015-01-01T00:00:00Z,2100-12-01T00:00:00Z,211403896,cmip.bcc.cma.cn,http://cmip.bcc.cma.cn/thredds/fileServer/cmip6_data/ScenarioMIP/BCC/BCC-CSM2-MR/ssp585/r1i1p1f1/Amon/pr/gn/v20190314/pr_Amon_BCC-CSM2-MR_ssp585_r1i1p1f1_gn_201501-210012.nc,hdl:21.14100/eafedce7-4725-415b-af51-2ebb69e747a0,Precipitation,precipitation,bcc_csm2_mr,/Users/scottericr/Documents/heliconia-cmip/data_raw/bcc_csm2_mr/ssp585,pr_ssp585_BCC-CSM2-MR_2015-01-01--2100-12-01.nc,/Users/scottericr/Documents/heliconia-cmip/data_raw/bcc_csm2_mr/ssp585/pr_ssp585_BCC-CSM2-MR_2015-01-01--2100-12-01.nc
CMIP6.ScenarioMIP.BCC.BCC-CSM2-MR.ssp585.r1i1p1f1.Amon.tasmax.gn.v20190314.tasmax_Amon_BCC-CSM2-MR_ssp585_r1i1p1f1_gn_201501-210012.nc|cmip.bcc.cma.cn,CMIP6.ScenarioMIP.BCC.BCC-CSM2-MR.ssp585.r1i1p1f1.Amon.tasmax.gn.v20190314|cmip.bcc.cma.cn,CMIP6,ScenarioMIP,BCC,BCC-CSM2-MR,ssp585,r1i1p1f1,Amon,mon,gn,1,100 km,tasmax,Daily Maximum Near-Surface Air Temperature,K,2015-01-01T00:00:00Z,2100-12-01T00:00:00Z,211404324,cmip.bcc.cma.cn,http://cmip.bcc.cma.cn/thredds/fileServer/cmip6_data/ScenarioMIP/BCC/BCC-CSM2-MR/ssp585/r1i1p1f1/Amon/tasmax/gn/v20190314/tasmax_Amon_BCC-CSM2-MR_ssp585_r1i1p1f1_gn_201501-210012.nc,hdl:21.14100/b9fb350c-3f16-4456-8b3f-2702b5261ba8,Daily Maximum Near-Surface Air Temperature,daily_maximum_near_surface_air_temperature,bcc_csm2_mr,/Users/scottericr/Documents/heliconia-cmip/data_raw/bcc_csm2_mr/ssp585,tasmax_ssp585_BCC-CSM2-MR_2015-01-01--2100-12-01.nc,/Users/scottericr/Documents/heliconia-cmip/data_raw/bcc_csm2_mr/ssp585/tasmax_ssp585_BCC-CSM2-MR_2015-01-01--2100-12-01.nc
CMIP6.ScenarioMIP.CAS.FGOALS-g3.ssp245.r1i1p1f1.Amon.hfls.gn.v20190818.hfls_Amon_FGOALS-g3_ssp245_r1i1p1f1_gn_202001-202912.nc|esg.lasg.ac.cn,CMIP6.ScenarioMIP.CAS.FGOALS-g3.ssp245.r1i1p1f1.Amon.hfls.gn.v20190818|esg.lasg.ac.cn,CMIP6,ScenarioMIP,CAS,FGOALS-g3,ssp245,r1i1p1f1,Amon,mon,gn,1,250 km,hfls,Surface Upward Latent Heat Flux,W m-2,2020-01-01T00:00:00Z,2029-12-01T00:00:00Z,6934736,esg.lasg.ac.cn,http://esg.lasg.ac.cn/thredds/fileServer/esg_dataroot/CMIP6/ScenarioMIP/CAS/FGOALS-g3/ssp245/r1i1p1f1/Amon/hfls/gn/v20190818/hfls_Amon_FGOALS-g3_ssp245_r1i1p1f1_gn_202001-202912.nc,hdl:21.14100/f87920a9-610a-470c-a089-2189af2d35ed,Surface Upward Latent Heat Flux,surface_upward_latent_heat_flux,fgoals_g3,/Users/scottericr/Documents/heliconia-cmip/data_raw/fgoals_g3/ssp245,hfls_ssp245_FGOALS-g3_2020-01-01--2029-12-01.nc,/Users/scottericr/Documents/heliconia-cmip/data_raw/fgoals_g3/ssp245/hfls_ssp245_FGOALS-g3_2020-01-01--2029-12-01.nc
CMIP6.ScenarioMIP.CAS.FGOALS-g3.ssp245.r1i1p1f1.Amon.hfls.gn.v20190818.hfls_Amon_FGOALS-g3_ssp245_r1i1p1f1_gn_203001-203912.nc|esg.lasg.ac.cn,CMIP6.ScenarioMIP.CAS.FGOALS-g3.ssp245.r1i1p1f1.Amon.hfls.gn.v20190818|esg.lasg.ac.cn,CMIP6,ScenarioMIP,CAS,FGOALS-g3,ssp245,r1i1p1f1,Amon,mon,gn,1,250 km,hfls,Surface Upward Latent Heat Flux,W m-2,2030-01-01T00:00:00Z,2039-12-01T00:00:00Z,6934804,esg.lasg.ac.cn,http://esg.lasg.ac.cn/thredds/fileServer/esg_dataroot/CMIP6/ScenarioMIP/CAS/FGOALS-g3/ssp245/r1i1p1f1/Amon/hfls/gn/v20190818/hfls_Amon_FGOALS-g3_ssp245_r1i1p1f1_gn_203001-203912.nc,hdl:21.14100/0908e55d-692f-4a71-b574-202d4f3a7c28,Surface Upward Latent Heat Flux,surface_upward_latent_heat_flux,fgoals_g3,/Users/scottericr/Documents/heliconia-cmip/data_raw/fgoals_g3/ssp245,hfls_ssp245_FGOALS-g3_2030-01-01--2039-12-01.nc,/Users/scottericr/Documents/heliconia-cmip/data_raw/fgoals_g3/ssp245/hfls_ssp245_FGOALS-g3_2030-01-01--2039-12-01.nc
CMIP6.ScenarioMIP.CAS.FGOALS-g3.ssp245.r1i1p1f1.Amon.hfls.gn.v20190818.hfls_Amon_FGOALS-g3_ssp245_r1i1p1f1_gn_204001-204912.nc|esg.lasg.ac.cn,CMIP6.ScenarioMIP.CAS.FGOALS-g3.ssp245.r1i1p1f1.Amon.hfls.gn.v20190818|esg.lasg.ac.cn,CMIP6,ScenarioMIP,CAS,FGOALS-g3,ssp245,r1i1p1f1,Amon,mon,gn,1,250 km,hfls,Surface Upward Latent Heat Flux,W m-2,2040-01-01T00:00:00Z,2049-12-01T00:00:00Z,6934736,esg.lasg.ac.cn,http://esg.lasg.ac.cn/thredds/fileServer/esg_dataroot/CMIP6/ScenarioMIP/CAS/FGOALS-g3/ssp245/r1i1p1f1/Amon/hfls/gn/v20190818/hfls_Amon_FGOALS-g3_ssp245_r1i1p1f1_gn_204001-204912.nc,hdl:21.14100/e8049ce0-1f98-49d7-a438-babac5acad13,Surface Upward Latent Heat Flux,surface_upward_latent_heat_flux,fgoals_g3,/Users/scottericr/Documents/heliconia-cmip/data_raw/fgoals_g3/ssp245,hfls_ssp245_FGOALS-g3_2040-01-01--2049-12-01.nc,/Users/scottericr/Documents/heliconia-cmip/data_raw/fgoals_g3/ssp245/hfls_ssp245_FGOALS-g3_2040-01-01--2049-12-01.nc
CMIP6.ScenarioMIP.CAS.FGOALS-g3.ssp245.r1i1p1f1.Amon.hfls.gn.v20190818.hfls_Amon_FGOALS-g3_ssp245_r1i1p1f1_gn_205001-205912.nc|esg.lasg.ac.cn,CMIP6.ScenarioMIP.CAS.FGOALS-g3.ssp245.r1i1p1f1.Amon.hfls.gn.v20190818|esg.lasg.ac.cn,CMIP6,ScenarioMIP,CAS,FGOALS-g3,ssp245,r1i1p1f1,Amon,mon,gn,1,250 km,hfls,Surface Upward Latent Heat Flux,W m-2,2050-01-01T00:00:00Z,2059-12-01T00:00:00Z,6934804,esg.lasg.ac.cn,http://esg.lasg.ac.cn/thredds/fileServer/esg_dataroot/CMIP6/ScenarioMIP/CAS/FGOALS-g3/ssp245/r1i1p1f1/Amon/hfls/gn/v20190818/hfls_Amon_FGOALS-g3_ssp245_r1i1p1f1_gn_205001-205912.nc,hdl:21.14100/637c3b2b-4c0d-447d-b339-10a241c1913c,Surface Upward Latent Heat Flux,surface_upward_latent_heat_flux,fgoals_g3,/Users/scottericr/Documents/heliconia-cmip/data_raw/fgoals_g3/ssp245,hfls_ssp245_FGOALS-g3_2050-01-01--2059-12-01.nc,/Users/scottericr/Documents/heliconia-cmip/data_raw/fgoals_g3/ssp245/hfls_ssp245_FGOALS-g3_2050-01-01--2059-12-01.nc
CMIP6.ScenarioMIP.CAS.FGOALS-g3.ssp245.r1i1p1f1.Amon.hfls.gn.v20190818.hfls_Amon_FGOALS-g3_ssp245_r1i1p1f1_gn_206001-206912.nc|esg.lasg.ac.cn,CMIP6.ScenarioMIP.CAS.FGOALS-g3.ssp245.r1i1p1f1.Amon.hfls.gn.v20190818|esg.lasg.ac.cn,CMIP6,ScenarioMIP,CAS,FGOALS-g3,ssp245,r1i1p1f1,Amon,mon,gn,1,250 km,hfls,Surface Upward Latent Heat Flux,W m-2,2060-01-01T00:00:00Z,2069-12-01T00:00:00Z,6934736,esg.lasg.ac.cn,http://esg.lasg.ac.cn/thredds/fileServer/esg_dataroot/CMIP6/ScenarioMIP/CAS/FGOALS-g3/ssp245/r1i1p1f1/Amon/hfls/gn/v20190818/hfls_Amon_FGOALS-g3_ssp245_r1i1p1f1_gn_206001-206912.nc,hdl:21.14100/802d6418-64a8-4070-99ce-64e3b5f606fc,Surface Upward Latent Heat Flux,surface_upward_latent_heat_flux,fgoals_g3,/Users/scottericr/Documents/heliconia-cmip/data_raw/fgoals_g3/ssp245,hfls_ssp245_FGOALS-g3_2060-01-01--2069-12-01.nc,/Users/scottericr/Documents/heliconia-cmip/data_raw/fgoals_g3/ssp245/hfls_ssp245_FGOALS-g3_2060-01-01--2069-12-01.nc
CMIP6.ScenarioMIP.CAS.FGOALS-g3.ssp245.r1i1p1f1.Amon.hfls.gn.v20190818.hfls_Amon_FGOALS-g3_ssp245_r1i1p1f1_gn_207001-207912.nc|esg.lasg.ac.cn,CMIP6.ScenarioMIP.CAS.FGOALS-g3.ssp245.r1i1p1f1.Amon.hfls.gn.v20190818|esg.lasg.ac.cn,CMIP6,ScenarioMIP,CAS,FGOALS-g3,ssp245,r1i1p1f1,Amon,mon,gn,1,250 km,hfls,Surface Upward Latent Heat Flux,W m-2,2070-01-01T00:00:00Z,2079-12-01T00:00:00Z,6934804,esg.lasg.ac.cn,http://esg.lasg.ac.cn/thredds/fileServer/esg_dataroot/CMIP6/ScenarioMIP/CAS/FGOALS-g3/ssp245/r1i1p1f1/Amon/hfls/gn/v20190818/hfls_Amon_FGOALS-g3_ssp245_r1i1p1f1_gn_207001-207912.nc,hdl:21.14100/2f5d13cb-1338-4a1f-8d25-a5b01dcffa25,Surface Upward Latent Heat Flux,surface_upward_latent_heat_flux,fgoals_g3,/Users/scottericr/Documents/heliconia-cmip/data_raw/fgoals_g3/ssp245,hfls_ssp245_FGOALS-g3_2070-01-01--2079-12-01.nc,/Users/scottericr/Documents/heliconia-cmip/data_raw/fgoals_g3/ssp245/hfls_ssp245_FGOALS-g3_2070-01-01--2079-12-01.nc
CMIP6.ScenarioMIP.CAS.FGOALS-g3.ssp245.r1i1p1f1.Amon.hfls.gn.v20190818.hfls_Amon_FGOALS-g3_ssp245_r1i1p1f1_gn_208001-208912.nc|esg.lasg.ac.cn,CMIP6.ScenarioMIP.CAS.FGOALS-g3.ssp245.r1i1p1f1.Amon.hfls.gn.v20190818|esg.lasg.ac.cn,CMIP6,ScenarioMIP,CAS,FGOALS-g3,ssp245,r1i1p1f1,Amon,mon,gn,1,250 km,hfls,Surface Upward Latent Heat Flux,W m-2,2080-01-01T00:00:00Z,2089-12-01T00:00:00Z,6934736,esg.lasg.ac.cn,http://esg.lasg.ac.cn/thredds/fileServer/esg_dataroot/CMIP6/ScenarioMIP/CAS/FGOALS-g3/ssp245/r1i1p1f1/Amon/hfls/gn/v20190818/hfls_Amon_FGOALS-g3_ssp245_r1i1p1f1_gn_208001-208912.nc,hdl:21.14100/7182f747-acf5-4444-9ded-8e4a896e6b68,Surface Upward Latent Heat Flux,surface_upward_latent_heat_flux,fgoals_g3,/Users/scottericr/Documents/heliconia-cmip/data_raw/fgoals_g3/ssp245,hfls_ssp245_FGOALS-g3_2080-01-01--2089-12-01.nc,/Users/scottericr/Documents/heliconia-cmip/data_raw/fgoals_g3/ssp245/hfls_ssp245_FGOALS-g3_2080-01-01--2089-12-01.nc
CMIP6.ScenarioMIP.CAS.FGOALS-g3.ssp245.r1i1p1f1.Amon.hfls.gn.v20190818.hfls_Amon_FGOALS-g3_ssp245_r1i1p1f1_gn_209001-209912.nc|esg.lasg.ac.cn,CMIP6.ScenarioMIP.CAS.FGOALS-g3.ssp245.r1i1p1f1.Amon.hfls.gn.v20190818|esg.lasg.ac.cn,CMIP6,ScenarioMIP,CAS,FGOALS-g3,ssp245,r1i1p1f1,Amon,mon,gn,1,250 km,hfls,Surface Upward Latent Heat Flux,W m-2,2090-01-01T00:00:00Z,2099-12-01T00:00:00Z,6934804,esg.lasg.ac.cn,http://esg.lasg.ac.cn/thredds/fileServer/esg_dataroot/CMIP6/ScenarioMIP/CAS/FGOALS-g3/ssp245/r1i1p1f1/Amon/hfls/gn/v20190818/hfls_Amon_FGOALS-g3_ssp245_r1i1p1f1_gn_209001-209912.nc,hdl:21.14100/c534edf1-791b-4c1e-9743-453784caf7f0,Surface Upward Latent Heat Flux,surface_upward_latent_heat_flux,fgoals_g3,/Users/scottericr/Documents/heliconia-cmip/data_raw/fgoals_g3/ssp245,hfls_ssp245_FGOALS-g3_2090-01-01--2099-12-01.nc,/Users/scottericr/Documents/heliconia-cmip/data_raw/fgoals_g3/ssp245/hfls_ssp245_FGOALS-g3_2090-01-01--2099-12-01.nc
CMIP6.ScenarioMIP.CAS.FGOALS-g3.ssp245.r1i1p1f1.Amon.hfss.gn.v20190818.hfss_Amon_FGOALS-g3_ssp245_r1i1p1f1_gn_202001-202912.nc|esg.lasg.ac.cn,CMIP6.ScenarioMIP.CAS.FGOALS-g3.ssp245.r1i1p1f1.Amon.hfss.gn.v20190818|esg.lasg.ac.cn,CMIP6,ScenarioMIP,CAS,FGOALS-g3,ssp245,r1i1p1f1,Amon,mon,gn,1,250 km,hfss,Surface Upward Sensible Heat Flux,W m-2,2020-01-01T00:00:00Z,2029-12-01T00:00:00Z,6934452,esg.lasg.ac.cn,http://esg.lasg.ac.cn/thredds/fileServer/esg_dataroot/CMIP6/ScenarioMIP/CAS/FGOALS-g3/ssp245/r1i1p1f1/Amon/hfss/gn/v20190818/hfss_Amon_FGOALS-g3_ssp245_r1i1p1f1_gn_202001-202912.nc,hdl:21.14100/4cd66f08-fa99-4bec-830b-6729efbcc258,Surface Upward Sensible Heat Flux,surface_upward_sensible_heat_flux,fgoals_g3,/Users/scottericr/Documents/heliconia-cmip/data_raw/fgoals_g3/ssp245,hfss_ssp245_FGOALS-g3_2020-01-01--2029-12-01.nc,/Users/scottericr/Documents/heliconia-cmip/data_raw/fgoals_g3/ssp245/hfss_ssp245_FGOALS-g3_2020-01-01--2029-12-01.nc
CMIP6.ScenarioMIP.CAS.FGOALS-g3.ssp245.r1i1p1f1.Amon.hfss.gn.v20190818.hfss_Amon_FGOALS-g3_ssp245_r1i1p1f1_gn_203001-203912.nc|esg.lasg.ac.cn,CMIP6.ScenarioMIP.CAS.FGOALS-g3.ssp245.r1i1p1f1.Amon.hfss.gn.v20190818|esg.lasg.ac.cn,CMIP6,ScenarioMIP,CAS,FGOALS-g3,ssp245,r1i1p1f1,Amon,mon,gn,1,250 km,hfss,Surface Upward Sensible Heat Flux,W m-2,2030-01-01T00:00:00Z,2039-12-01T00:00:00Z,6934520,esg.lasg.ac.cn,http://esg.lasg.ac.cn/thredds/fileServer/esg_dataroot/CMIP6/ScenarioMIP/CAS/FGOALS-g3/ssp245/r1i1p1f1/Amon/hfss/gn/v20190818/hfss_Amon_FGOALS-g3_ssp245_r1i1p1f1_gn_203001-203912.nc,hdl:21.14100/391448b1-887f-472b-8d69-0dbf929626db,Surface Upward Sensible Heat Flux,surface_upward_sensible_heat_flux,fgoals_g3,/Users/scottericr/Documents/heliconia-cmip/data_raw/fgoals_g3/ssp245,hfss_ssp245_FGOALS-g3_2030-01-01--2039-12-01.nc,/Users/scottericr/Documents/heliconia-cmip/data_raw/fgoals_g3/ssp245/hfss_ssp245_FGOALS-g3_2030-01-01--2039-12-01.nc
CMIP6.ScenarioMIP.CAS.FGOALS-g3.ssp245.r1i1p1f1.Amon.hfss.gn.v20190818.hfss_Amon_FGOALS-g3_ssp245_r1i1p1f1_gn_205001-205912.nc|esg.lasg.ac.cn,CMIP6.ScenarioMIP.CAS.FGOALS-g3.ssp245.r1i1p1f1.Amon.hfss.gn.v20190818|esg.lasg.ac.cn,CMIP6,ScenarioMIP,CAS,FGOALS-g3,ssp245,r1i1p1f1,Amon,mon,gn,1,250 km,hfss,Surface Upward Sensible Heat Flux,W m-2,2050-01-01T00:00:00Z,2059-12-01T00:00:00Z,6934520,esg.lasg.ac.cn,http://esg.lasg.ac.cn/thredds/fileServer/esg_dataroot/CMIP6/ScenarioMIP/CAS/FGOALS-g3/ssp245/r1i1p1f1/Amon/hfss/gn/v20190818/hfss_Amon_FGOALS-g3_ssp245_r1i1p1f1_gn_205001-205912.nc,hdl:21.14100/9fcadd7b-0894-48d7-8f65-474476abd1a1,Surface Upward Sensible Heat Flux,surface_upward_sensible_heat_flux,fgoals_g3,/Users/scottericr/Documents/heliconia-cmip/data_raw/fgoals_g3/ssp245,hfss_ssp245_FGOALS-g3_2050-01-01--2059-12-01.nc,/Users/scottericr/Documents/heliconia-cmip/data_raw/fgoals_g3/ssp245/hfss_ssp245_FGOALS-g3_2050-01-01--2059-12-01.nc
CMIP6.ScenarioMIP.CAS.FGOALS-g3.ssp245.r1i1p1f1.Amon.hfss.gn.v20190818.hfss_Amon_FGOALS-g3_ssp245_r1i1p1f1_gn_206001-206912.nc|esg.lasg.ac.cn,CMIP6.ScenarioMIP.CAS.FGOALS-g3.ssp245.r1i1p1f1.Amon.hfss.gn.v20190818|esg.lasg.ac.cn,CMIP6,ScenarioMIP,CAS,FGOALS-g3,ssp245,r1i1p1f1,Amon,mon,gn,1,250 km,hfss,Surface Upward Sensible Heat Flux,W m-2,2060-01-01T00:00:00Z,2069-12-01T00:00:00Z,6934452,esg.lasg.ac.cn,http://esg.lasg.ac.cn/thredds/fileServer/esg_dataroot/CMIP6/ScenarioMIP/CAS/FGOALS-g3/ssp245/r1i1p1f1/Amon/hfss/gn/v20190818/hfss_Amon_FGOALS-g3_ssp245_r1i1p1f1_gn_206001-206912.nc,hdl:21.14100/aa0e6872-a64f-4e1d-919c-78361c1a294d,Surface Upward Sensible Heat Flux,surface_upward_sensible_heat_flux,fgoals_g3,/Users/scottericr/Documents/heliconia-cmip/data_raw/fgoals_g3/ssp245,hfss_ssp245_FGOALS-g3_2060-01-01--2069-12-01.nc,/Users/scottericr/Documents/heliconia-cmip/data_raw/fgoals_g3/ssp245/hfss_ssp245_FGOALS-g3_2060-01-01--2069-12-01.nc
CMIP6.ScenarioMIP.CAS.FGOALS-g3.ssp245.r1i1p1f1.Amon.hfss.gn.v20190818.hfss_Amon_FGOALS-g3_ssp245_r1i1p1f1_gn_207001-207912.nc|esg.lasg.ac.cn,CMIP6.ScenarioMIP.CAS.FGOALS-g3.ssp245.r1i1p1f1.Amon.hfss.gn.v20190818|esg.lasg.ac.cn,CMIP6,ScenarioMIP,CAS,FGOALS-g3,ssp245,r1i1p1f1,Amon,mon,gn,1,250 km,hfss,Surface Upward Sensible Heat Flux,W m-2,2070-01-01T00:00:00Z,2079-12-01T00:00:00Z,6934520,esg.lasg.ac.cn,http://esg.lasg.ac.cn/thredds/fileServer/esg_dataroot/CMIP6/ScenarioMIP/CAS/FGOALS-g3/ssp245/r1i1p1f1/Amon/hfss/gn/v20190818/hfss_Amon_FGOALS-g3_ssp245_r1i1p1f1_gn_207001-207912.nc,hdl:21.14100/9100c09e-3ef8-42d6-a38b-4ef4092e0d6c,Surface Upward Sensible Heat Flux,surface_upward_sensible_heat_flux,fgoals_g3,/Users/scottericr/Documents/heliconia-cmip/data_raw/fgoals_g3/ssp245,hfss_ssp245_FGOALS-g3_2070-01-01--2079-12-01.nc,/Users/scottericr/Documents/heliconia-cmip/data_raw/fgoals_g3/ssp245/hfss_ssp245_FGOALS-g3_2070-01-01--2079-12-01.nc
CMIP6.ScenarioMIP.CAS.FGOALS-g3.ssp245.r1i1p1f1.Amon.hfss.gn.v20190818.hfss_Amon_FGOALS-g3_ssp245_r1i1p1f1_gn_208001-208912.nc|esg.lasg.ac.cn,CMIP6.ScenarioMIP.CAS.FGOALS-g3.ssp245.r1i1p1f1.Amon.hfss.gn.v20190818|esg.lasg.ac.cn,CMIP6,ScenarioMIP,CAS,FGOALS-g3,ssp245,r1i1p1f1,Amon,mon,gn,1,250 km,hfss,Surface Upward Sensible Heat Flux,W m-2,2080-01-01T00:00:00Z,2089-12-01T00:00:00Z,6934452,esg.lasg.ac.cn,http://esg.lasg.ac.cn/thredds/fileServer/esg_dataroot/CMIP6/ScenarioMIP/CAS/FGOALS-g3/ssp245/r1i1p1f1/Amon/hfss/gn/v20190818/hfss_Amon_FGOALS-g3_ssp245_r1i1p1f1_gn_208001-208912.nc,hdl:21.14100/6de87962-e3b9-4675-90ff-faa31761bb9e,Surface Upward Sensible Heat Flux,surface_upward_sensible_heat_flux,fgoals_g3,/Users/scottericr/Documents/heliconia-cmip/data_raw/fgoals_g3/ssp245,hfss_ssp245_FGOALS-g3_2080-01-01--2089-12-01.nc,/Users/scottericr/Documents/heliconia-cmip/data_raw/fgoals_g3/ssp245/hfss_ssp245_FGOALS-g3_2080-01-01--2089-12-01.nc
CMIP6.ScenarioMIP.CAS.FGOALS-g3.ssp245.r1i1p1f1.Amon.hfss.gn.v20190818.hfss_Amon_FGOALS-g3_ssp245_r1i1p1f1_gn_209001-209912.nc|esg.lasg.ac.cn,CMIP6.ScenarioMIP.CAS.FGOALS-g3.ssp245.r1i1p1f1.Amon.hfss.gn.v20190818|esg.lasg.ac.cn,CMIP6,ScenarioMIP,CAS,FGOALS-g3,ssp245,r1i1p1f1,Amon,mon,gn,1,250 km,hfss,Surface Upward Sensible Heat Flux,W m-2,2090-01-01T00:00:00Z,2099-12-01T00:00:00Z,6934520,esg.lasg.ac.cn,http://esg.lasg.ac.cn/thredds/fileServer/esg_dataroot/CMIP6/ScenarioMIP/CAS/FGOALS-g3/ssp245/r1i1p1f1/Amon/hfss/gn/v20190818/hfss_Amon_FGOALS-g3_ssp245_r1i1p1f1_gn_209001-209912.nc,hdl:21.14100/2ec7ae94-95cc-4171-acbe-7808090e8fdc,Surface Upward Sensible Heat Flux,surface_upward_sensible_heat_flux,fgoals_g3,/Users/scottericr/Documents/heliconia-cmip/data_raw/fgoals_g3/ssp245,hfss_ssp245_FGOALS-g3_2090-01-01--2099-12-01.nc,/Users/scottericr/Documents/heliconia-cmip/data_raw/fgoals_g3/ssp245/hfss_ssp245_FGOALS-g3_2090-01-01--2099-12-01.nc
CMIP6.ScenarioMIP.FIO-QLNM.FIO-ESM-2-0.ssp126.r1i1p1f1.Amon.hfls.gn.v20191227.hfls_Amon_FIO-ESM-2-0_ssp126_r1i1p1f1_gn_201501-210012.nc|cmip.fio.org.cn,CMIP6.ScenarioMIP.FIO-QLNM.FIO-ESM-2-0.ssp126.r1i1p1f1.Amon.hfls.gn.v20191227|cmip.fio.org.cn,CMIP6,ScenarioMIP,FIO-QLNM,FIO-ESM-2-0,ssp126,r1i1p1f1,Amon,mon,gn,1,100 km,hfls,Surface Upward Latent Heat Flux,W m-2,2015-01-01T00:00:00Z,2100-12-01T00:00:00Z,205575264,cmip.fio.org.cn,http://cmip.fio.org.cn/thredds/fileServer/esg_dataroot/cmip6/CMIP6/ScenarioMIP/FIO-QLNM/FIO-ESM-2-0/ssp126/r1i1p1f1/Amon/hfls/gn/v20191227/hfls_Amon_FIO-ESM-2-0_ssp126_r1i1p1f1_gn_201501-210012.nc,hdl:21.14100/c5f6e2cb-c732-49bd-8986-742492bbe16f,Surface Upward Latent Heat Flux,surface_upward_latent_heat_flux,fio_esm_2_0,/Users/scottericr/Documents/heliconia-cmip/data_raw/fio_esm_2_0/ssp126,hfls_ssp126_FIO-ESM-2-0_2015-01-01--2100-12-01.nc,/Users/scottericr/Documents/heliconia-cmip/data_raw/fio_esm_2_0/ssp126/hfls_ssp126_FIO-ESM-2-0_2015-01-01--2100-12-01.nc
CMIP6.ScenarioMIP.FIO-QLNM.FIO-ESM-2-0.ssp126.r1i1p1f1.Amon.hfss.gn.v20191227.hfss_Amon_FIO-ESM-2-0_ssp126_r1i1p1f1_gn_201501-210012.nc|cmip.fio.org.cn,CMIP6.ScenarioMIP.FIO-QLNM.FIO-ESM-2-0.ssp126.r1i1p1f1.Amon.hfss.gn.v20191227|cmip.fio.org.cn,CMIP6,ScenarioMIP,FIO-QLNM,FIO-ESM-2-0,ssp126,r1i1p1f1,Amon,mon,gn,1,100 km,hfss,Surface Upward Sensible Heat Flux,W m-2,2015-01-01T00:00:00Z,2100-12-01T00:00:00Z,206495535,cmip.fio.org.cn,http://cmip.fio.org.cn/thredds/fileServer/esg_dataroot/cmip6/CMIP6/ScenarioMIP/FIO-QLNM/FIO-ESM-2-0/ssp126/r1i1p1f1/Amon/hfss/gn/v20191227/hfss_Amon_FIO-ESM-2-0_ssp126_r1i1p1f1_gn_201501-210012.nc,hdl:21.14100/989bb535-fe50-4972-9488-3a3657e6d02a,Surface Upward Sensible Heat Flux,surface_upward_sensible_heat_flux,fio_esm_2_0,/Users/scottericr/Documents/heliconia-cmip/data_raw/fio_esm_2_0/ssp126,hfss_ssp126_FIO-ESM-2-0_2015-01-01--2100-12-01.nc,/Users/scottericr/Documents/heliconia-cmip/data_raw/fio_esm_2_0/ssp126/hfss_ssp126_FIO-ESM-2-0_2015-01-01--2100-12-01.nc
CMIP6.ScenarioMIP.FIO-QLNM.FIO-ESM-2-0.ssp126.r1i1p1f1.Amon.pr.gn.v20191227.pr_Amon_FIO-ESM-2-0_ssp126_r1i1p1f1_gn_201501-210012.nc|cmip.fio.org.cn,CMIP6.ScenarioMIP.FIO-QLNM.FIO-ESM-2-0.ssp126.r1i1p1f1.Amon.pr.gn.v20191227|cmip.fio.org.cn,CMIP6,ScenarioMIP,FIO-QLNM,FIO-ESM-2-0,ssp126,r1i1p1f1,Amon,mon,gn,1,100 km,pr,Precipitation,kg m-2 s-1,2015-01-01T00:00:00Z,2100-12-01T00:00:00Z,206367998,cmip.fio.org.cn,http://cmip.fio.org.cn/thredds/fileServer/esg_dataroot/cmip6/CMIP6/ScenarioMIP/FIO-QLNM/FIO-ESM-2-0/ssp126/r1i1p1f1/Amon/pr/gn/v20191227/pr_Amon_FIO-ESM-2-0_ssp126_r1i1p1f1_gn_201501-210012.nc,hdl:21.14100/e120ded8-7660-4738-b653-af2d82277196,Precipitation,precipitation,fio_esm_2_0,/Users/scottericr/Documents/heliconia-cmip/data_raw/fio_esm_2_0/ssp126,pr_ssp126_FIO-ESM-2-0_2015-01-01--2100-12-01.nc,/Users/scottericr/Documents/heliconia-cmip/data_raw/fio_esm_2_0/ssp126/pr_ssp126_FIO-ESM-2-0_2015-01-01--2100-12-01.nc
CMIP6.ScenarioMIP.FIO-QLNM.FIO-ESM-2-0.ssp126.r1i1p1f1.Amon.tasmax.gn.v20200922.tasmax_Amon_FIO-ESM-2-0_ssp126_r1i1p1f1_gn_201501-210012.nc|cmip.fio.org.cn,CMIP6.ScenarioMIP.FIO-QLNM.FIO-ESM-2-0.ssp126.r1i1p1f1.Amon.tasmax.gn.v20200922|cmip.fio.org.cn,CMIP6,ScenarioMIP,FIO-QLNM,FIO-ESM-2-0,ssp126,r1i1p1f1,Amon,mon,gn,1,100 km,tasmax,Daily Maximum Near-Surface Air Temperature,K,2015-01-01T00:00:00Z,2100-12-01T00:00:00Z,172837635,cmip.fio.org.cn,http://cmip.fio.org.cn/thredds/fileServer/esg_dataroot/cmip6/CMIP6/ScenarioMIP/FIO-QLNM/FIO-ESM-2-0/ssp126/r1i1p1f1/Amon/tasmax/gn/v20200922/tasmax_Amon_FIO-ESM-2-0_ssp126_r1i1p1f1_gn_201501-210012.nc,hdl:21.14100/ae706b21-e0a0-473c-aad9-dd2b6cd8c909,Daily Maximum Near-Surface Air Temperature,daily_maximum_near_surface_air_temperature,fio_esm_2_0,/Users/scottericr/Documents/heliconia-cmip/data_raw/fio_esm_2_0/ssp126,tasmax_ssp126_FIO-ESM-2-0_2015-01-01--2100-12-01.nc,/Users/scottericr/Documents/heliconia-cmip/data_raw/fio_esm_2_0/ssp126/tasmax_ssp126_FIO-ESM-2-0_2015-01-01--2100-12-01.nc
CMIP6.ScenarioMIP.FIO-QLNM.FIO-ESM-2-0.ssp245.r1i1p1f1.Amon.hfls.gn.v20191226.hfls_Amon_FIO-ESM-2-0_ssp245_r1i1p1f1_gn_201501-210012.nc|cmip.fio.org.cn,CMIP6.ScenarioMIP.FIO-QLNM.FIO-ESM-2-0.ssp245.r1i1p1f1.Amon.hfls.gn.v20191226|cmip.fio.org.cn,CMIP6,ScenarioMIP,FIO-QLNM,FIO-ESM-2-0,ssp245,r1i1p1f1,Amon,mon,gn,1,100 km,hfls,Surface Upward Latent Heat Flux,W m-2,2015-01-01T00:00:00Z,2100-12-01T00:00:00Z,205551594,cmip.fio.org.cn,http://cmip.fio.org.cn/thredds/fileServer/esg_dataroot/cmip6/CMIP6/ScenarioMIP/FIO-QLNM/FIO-ESM-2-0/ssp245/r1i1p1f1/Amon/hfls/gn/v20191226/hfls_Amon_FIO-ESM-2-0_ssp245_r1i1p1f1_gn_201501-210012.nc,hdl:21.14100/a1004aef-1421-4423-92a6-67c45a6b5e9b,Surface Upward Latent Heat Flux,surface_upward_latent_heat_flux,fio_esm_2_0,/Users/scottericr/Documents/heliconia-cmip/data_raw/fio_esm_2_0/ssp245,hfls_ssp245_FIO-ESM-2-0_2015-01-01--2100-12-01.nc,/Users/scottericr/Documents/heliconia-cmip/data_raw/fio_esm_2_0/ssp245/hfls_ssp245_FIO-ESM-2-0_2015-01-01--2100-12-01.nc
CMIP6.ScenarioMIP.FIO-QLNM.FIO-ESM-2-0.ssp245.r1i1p1f1.Amon.hfss.gn.v20191226.hfss_Amon_FIO-ESM-2-0_ssp245_r1i1p1f1_gn_201501-210012.nc|cmip.fio.org.cn,CMIP6.ScenarioMIP.FIO-QLNM.FIO-ESM-2-0.ssp245.r1i1p1f1.Amon.hfss.gn.v20191226|cmip.fio.org.cn,CMIP6,ScenarioMIP,FIO-QLNM,FIO-ESM-2-0,ssp245,r1i1p1f1,Amon,mon,gn,1,100 km,hfss,Surface Upward Sensible Heat Flux,W m-2,2015-01-01T00:00:00Z,2100-12-01T00:00:00Z,206577739,cmip.fio.org.cn,http://cmip.fio.org.cn/thredds/fileServer/esg_dataroot/cmip6/CMIP6/ScenarioMIP/FIO-QLNM/FIO-ESM-2-0/ssp245/r1i1p1f1/Amon/hfss/gn/v20191226/hfss_Amon_FIO-ESM-2-0_ssp245_r1i1p1f1_gn_201501-210012.nc,hdl:21.14100/592ba465-85bc-4e86-94cc-b46c2295a829,Surface Upward Sensible Heat Flux,surface_upward_sensible_heat_flux,fio_esm_2_0,/Users/scottericr/Documents/heliconia-cmip/data_raw/fio_esm_2_0/ssp245,hfss_ssp245_FIO-ESM-2-0_2015-01-01--2100-12-01.nc,/Users/scottericr/Documents/heliconia-cmip/data_raw/fio_esm_2_0/ssp245/hfss_ssp245_FIO-ESM-2-0_2015-01-01--2100-12-01.nc
CMIP6.ScenarioMIP.FIO-QLNM.FIO-ESM-2-0.ssp245.r1i1p1f1.Amon.pr.gn.v20191226.pr_Amon_FIO-ESM-2-0_ssp245_r1i1p1f1_gn_201501-210012.nc|cmip.fio.org.cn,CMIP6.ScenarioMIP.FIO-QLNM.FIO-ESM-2-0.ssp245.r1i1p1f1.Amon.pr.gn.v20191226|cmip.fio.org.cn,CMIP6,ScenarioMIP,FIO-QLNM,FIO-ESM-2-0,ssp245,r1i1p1f1,Amon,mon,gn,1,100 km,pr,Precipitation,kg m-2 s-1,2015-01-01T00:00:00Z,2100-12-01T00:00:00Z,206411790,cmip.fio.org.cn,http://cmip.fio.org.cn/thredds/fileServer/esg_dataroot/cmip6/CMIP6/ScenarioMIP/FIO-QLNM/FIO-ESM-2-0/ssp245/r1i1p1f1/Amon/pr/gn/v20191226/pr_Amon_FIO-ESM-2-0_ssp245_r1i1p1f1_gn_201501-210012.nc,hdl:21.14100/f378dc7d-1e9a-4b0b-89f0-475a4dc555b3,Precipitation,precipitation,fio_esm_2_0,/Users/scottericr/Documents/heliconia-cmip/data_raw/fio_esm_2_0/ssp245,pr_ssp245_FIO-ESM-2-0_2015-01-01--2100-12-01.nc,/Users/scottericr/Documents/heliconia-cmip/data_raw/fio_esm_2_0/ssp245/pr_ssp245_FIO-ESM-2-0_2015-01-01--2100-12-01.nc
CMIP6.ScenarioMIP.FIO-QLNM.FIO-ESM-2-0.ssp245.r1i1p1f1.Amon.tas.gn.v20191226.tas_Amon_FIO-ESM-2-0_ssp245_r1i1p1f1_gn_201501-210012.nc|cmip.fio.org.cn,CMIP6.ScenarioMIP.FIO-QLNM.FIO-ESM-2-0.ssp245.r1i1p1f1.Amon.tas.gn.v20191226|cmip.fio.org.cn,CMIP6,ScenarioMIP,FIO-QLNM,FIO-ESM-2-0,ssp245,r1i1p1f1,Amon,mon,gn,1,100 km,tas,Near-Surface Air Temperature,K,2015-01-01T00:00:00Z,2100-12-01T00:00:00Z,172122941,cmip.fio.org.cn,http://cmip.fio.org.cn/thredds/fileServer/esg_dataroot/cmip6/CMIP6/ScenarioMIP/FIO-QLNM/FIO-ESM-2-0/ssp245/r1i1p1f1/Amon/tas/gn/v20191226/tas_Amon_FIO-ESM-2-0_ssp245_r1i1p1f1_gn_201501-210012.nc,hdl:21.14100/dfe07ae5-14dd-4a8a-b13d-538a528ebaff,Near-Surface Air Temperature,near_surface_air_temperature,fio_esm_2_0,/Users/scottericr/Documents/heliconia-cmip/data_raw/fio_esm_2_0/ssp245,tas_ssp245_FIO-ESM-2-0_2015-01-01--2100-12-01.nc,/Users/scottericr/Documents/heliconia-cmip/data_raw/fio_esm_2_0/ssp245/tas_ssp245_FIO-ESM-2-0_2015-01-01--2100-12-01.nc
CMIP6.ScenarioMIP.FIO-QLNM.FIO-ESM-2-0.ssp245.r1i1p1f1.Amon.tasmax.gn.v20200922.tasmax_Amon_FIO-ESM-2-0_ssp245_r1i1p1f1_gn_201501-210012.nc|cmip.fio.org.cn,CMIP6.ScenarioMIP.FIO-QLNM.FIO-ESM-2-0.ssp245.r1i1p1f1.Amon.tasmax.gn.v20200922|cmip.fio.org.cn,CMIP6,ScenarioMIP,FIO-QLNM,FIO-ESM-2-0,ssp245,r1i1p1f1,Amon,mon,gn,1,100 km,tasmax,Daily Maximum Near-Surface Air Temperature,K,2015-01-01T00:00:00Z,2100-12-01T00:00:00Z,172780743,cmip.fio.org.cn,http://cmip.fio.org.cn/thredds/fileServer/esg_dataroot/cmip6/CMIP6/ScenarioMIP/FIO-QLNM/FIO-ESM-2-0/ssp245/r1i1p1f1/Amon/tasmax/gn/v20200922/tasmax_Amon_FIO-ESM-2-0_ssp245_r1i1p1f1_gn_201501-210012.nc,hdl:21.14100/8d298058-d459-44fa-a46c-658bd3a52896,Daily Maximum Near-Surface Air Temperature,daily_maximum_near_surface_air_temperature,fio_esm_2_0,/Users/scottericr/Documents/heliconia-cmip/data_raw/fio_esm_2_0/ssp245,tasmax_ssp245_FIO-ESM-2-0_2015-01-01--2100-12-01.nc,/Users/scottericr/Documents/heliconia-cmip/data_raw/fio_esm_2_0/ssp245/tasmax_ssp245_FIO-ESM-2-0_2015-01-01--2100-12-01.nc
CMIP6.ScenarioMIP.FIO-QLNM.FIO-ESM-2-0.ssp245.r1i1p1f1.Amon.tasmin.gn.v20200922.tasmin_Amon_FIO-ESM-2-0_ssp245_r1i1p1f1_gn_201501-210012.nc|cmip.fio.org.cn,CMIP6.ScenarioMIP.FIO-QLNM.FIO-ESM-2-0.ssp245.r1i1p1f1.Amon.tasmin.gn.v20200922|cmip.fio.org.cn,CMIP6,ScenarioMIP,FIO-QLNM,FIO-ESM-2-0,ssp245,r1i1p1f1,Amon,mon,gn,1,100 km,tasmin,Daily Minimum Near-Surface Air Temperature,K,2015-01-01T00:00:00Z,2100-12-01T00:00:00Z,172764852,cmip.fio.org.cn,http://cmip.fio.org.cn/thredds/fileServer/esg_dataroot/cmip6/CMIP6/ScenarioMIP/FIO-QLNM/FIO-ESM-2-0/ssp245/r1i1p1f1/Amon/tasmin/gn/v20200922/tasmin_Amon_FIO-ESM-2-0_ssp245_r1i1p1f1_gn_201501-210012.nc,hdl:21.14100/f9bb4169-f325-401a-aa88-333f9807586b,Daily Minimum Near-Surface Air Temperature,daily_minimum_near_surface_air_temperature,fio_esm_2_0,/Users/scottericr/Documents/heliconia-cmip/data_raw/fio_esm_2_0/ssp245,tasmin_ssp245_FIO-ESM-2-0_2015-01-01--2100-12-01.nc,/Users/scottericr/Documents/heliconia-cmip/data_raw/fio_esm_2_0/ssp245/tasmin_ssp245_FIO-ESM-2-0_2015-01-01--2100-12-01.nc
CMIP6.ScenarioMIP.FIO-QLNM.FIO-ESM-2-0.ssp585.r1i1p1f1.Amon.hfls.gn.v20191226.hfls_Amon_FIO-ESM-2-0_ssp585_r1i1p1f1_gn_201501-210012.nc|cmip.fio.org.cn,CMIP6.ScenarioMIP.FIO-QLNM.FIO-ESM-2-0.ssp585.r1i1p1f1.Amon.hfls.gn.v20191226|cmip.fio.org.cn,CMIP6,ScenarioMIP,FIO-QLNM,FIO-ESM-2-0,ssp585,r1i1p1f1,Amon,mon,gn,1,100 km,hfls,Surface Upward Latent Heat Flux,W m-2,2015-01-01T00:00:00Z,2100-12-01T00:00:00Z,205447128,cmip.fio.org.cn,http://cmip.fio.org.cn/thredds/fileServer/esg_dataroot/cmip6/CMIP6/ScenarioMIP/FIO-QLNM/FIO-ESM-2-0/ssp585/r1i1p1f1/Amon/hfls/gn/v20191226/hfls_Amon_FIO-ESM-2-0_ssp585_r1i1p1f1_gn_201501-210012.nc,hdl:21.14100/90a822ff-24c2-4240-956e-675ff4bb62da,Surface Upward Latent Heat Flux,surface_upward_latent_heat_flux,fio_esm_2_0,/Users/scottericr/Documents/heliconia-cmip/data_raw/fio_esm_2_0/ssp585,hfls_ssp585_FIO-ESM-2-0_2015-01-01--2100-12-01.nc,/Users/scottericr/Documents/heliconia-cmip/data_raw/fio_esm_2_0/ssp585/hfls_ssp585_FIO-ESM-2-0_2015-01-01--2100-12-01.nc
CMIP6.ScenarioMIP.FIO-QLNM.FIO-ESM-2-0.ssp585.r1i1p1f1.Amon.hfss.gn.v20191226.hfss_Amon_FIO-ESM-2-0_ssp585_r1i1p1f1_gn_201501-210012.nc|cmip.fio.org.cn,CMIP6.ScenarioMIP.FIO-QLNM.FIO-ESM-2-0.ssp585.r1i1p1f1.Amon.hfss.gn.v20191226|cmip.fio.org.cn,CMIP6,ScenarioMIP,FIO-QLNM,FIO-ESM-2-0,ssp585,r1i1p1f1,Amon,mon,gn,1,100 km,hfss,Surface Upward Sensible Heat Flux,W m-2,2015-01-01T00:00:00Z,2100-12-01T00:00:00Z,206678715,cmip.fio.org.cn,http://cmip.fio.org.cn/thredds/fileServer/esg_dataroot/cmip6/CMIP6/ScenarioMIP/FIO-QLNM/FIO-ESM-2-0/ssp585/r1i1p1f1/Amon/hfss/gn/v20191226/hfss_Amon_FIO-ESM-2-0_ssp585_r1i1p1f1_gn_201501-210012.nc,hdl:21.14100/7447aa7e-19e6-4ade-bbbb-233006e5aa15,Surface Upward Sensible Heat Flux,surface_upward_sensible_heat_flux,fio_esm_2_0,/Users/scottericr/Documents/heliconia-cmip/data_raw/fio_esm_2_0/ssp585,hfss_ssp585_FIO-ESM-2-0_2015-01-01--2100-12-01.nc,/Users/scottericr/Documents/heliconia-cmip/data_raw/fio_esm_2_0/ssp585/hfss_ssp585_FIO-ESM-2-0_2015-01-01--2100-12-01.nc
CMIP6.ScenarioMIP.FIO-QLNM.FIO-ESM-2-0.ssp585.r1i1p1f1.Amon.pr.gn.v20191226.pr_Amon_FIO-ESM-2-0_ssp585_r1i1p1f1_gn_201501-210012.nc|cmip.fio.org.cn,CMIP6.ScenarioMIP.FIO-QLNM.FIO-ESM-2-0.ssp585.r1i1p1f1.Amon.pr.gn.v20191226|cmip.fio.org.cn,CMIP6,ScenarioMIP,FIO-QLNM,FIO-ESM-2-0,ssp585,r1i1p1f1,Amon,mon,gn,1,100 km,pr,Precipitation,kg m-2 s-1,2015-01-01T00:00:00Z,2100-12-01T00:00:00Z,206426597,cmip.fio.org.cn,http://cmip.fio.org.cn/thredds/fileServer/esg_dataroot/cmip6/CMIP6/ScenarioMIP/FIO-QLNM/FIO-ESM-2-0/ssp585/r1i1p1f1/Amon/pr/gn/v20191226/pr_Amon_FIO-ESM-2-0_ssp585_r1i1p1f1_gn_201501-210012.nc,hdl:21.14100/6e8c4bd7-296a-4fb7-bf19-15f0a850b128,Precipitation,precipitation,fio_esm_2_0,/Users/scottericr/Documents/heliconia-cmip/data_raw/fio_esm_2_0/ssp585,pr_ssp585_FIO-ESM-2-0_2015-01-01--2100-12-01.nc,/Users/scottericr/Documents/heliconia-cmip/data_raw/fio_esm_2_0/ssp585/pr_ssp585_FIO-ESM-2-0_2015-01-01--2100-12-01.nc
CMIP6.ScenarioMIP.FIO-QLNM.FIO-ESM-2-0.ssp585.r1i1p1f1.Amon.tas.gn.v20191226.tas_Amon_FIO-ESM-2-0_ssp585_r1i1p1f1_gn_201501-210012.nc|cmip.fio.org.cn,CMIP6.ScenarioMIP.FIO-QLNM.FIO-ESM-2-0.ssp585.r1i1p1f1.Amon.tas.gn.v20191226|cmip.fio.org.cn,CMIP6,ScenarioMIP,FIO-QLNM,FIO-ESM-2-0,ssp585,r1i1p1f1,Amon,mon,gn,1,100 km,tas,Near-Surface Air Temperature,K,2015-01-01T00:00:00Z,2100-12-01T00:00:00Z,171832202,cmip.fio.org.cn,http://cmip.fio.org.cn/thredds/fileServer/esg_dataroot/cmip6/CMIP6/ScenarioMIP/FIO-QLNM/FIO-ESM-2-0/ssp585/r1i1p1f1/Amon/tas/gn/v20191226/tas_Amon_FIO-ESM-2-0_ssp585_r1i1p1f1_gn_201501-210012.nc,hdl:21.14100/a4cb0790-5194-49d5-89d3-6a08d7a8a7c1,Near-Surface Air Temperature,near_surface_air_temperature,fio_esm_2_0,/Users/scottericr/Documents/heliconia-cmip/data_raw/fio_esm_2_0/ssp585,tas_ssp585_FIO-ESM-2-0_2015-01-01--2100-12-01.nc,/Users/scottericr/Documents/heliconia-cmip/data_raw/fio_esm_2_0/ssp585/tas_ssp585_FIO-ESM-2-0_2015-01-01--2100-12-01.nc
CMIP6.ScenarioMIP.FIO-QLNM.FIO-ESM-2-0.ssp585.r1i1p1f1.Amon.tasmax.gn.v20200922.tasmax_Amon_FIO-ESM-2-0_ssp585_r1i1p1f1_gn_201501-210012.nc|cmip.fio.org.cn,CMIP6.ScenarioMIP.FIO-QLNM.FIO-ESM-2-0.ssp585.r1i1p1f1.Amon.tasmax.gn.v20200922|cmip.fio.org.cn,CMIP6,ScenarioMIP,FIO-QLNM,FIO-ESM-2-0,ssp585,r1i1p1f1,Amon,mon,gn,1,100 km,tasmax,Daily Maximum Near-Surface Air Temperature,K,2015-01-01T00:00:00Z,2100-12-01T00:00:00Z,172593465,cmip.fio.org.cn,http://cmip.fio.org.cn/thredds/fileServer/esg_dataroot/cmip6/CMIP6/ScenarioMIP/FIO-QLNM/FIO-ESM-2-0/ssp585/r1i1p1f1/Amon/tasmax/gn/v20200922/tasmax_Amon_FIO-ESM-2-0_ssp585_r1i1p1f1_gn_201501-210012.nc,hdl:21.14100/978e421e-afe4-48ed-96f8-75dcf007f77e,Daily Maximum Near-Surface Air Temperature,daily_maximum_near_surface_air_temperature,fio_esm_2_0,/Users/scottericr/Documents/heliconia-cmip/data_raw/fio_esm_2_0/ssp585,tasmax_ssp585_FIO-ESM-2-0_2015-01-01--2100-12-01.nc,/Users/scottericr/Documents/heliconia-cmip/data_raw/fio_esm_2_0/ssp585/tasmax_ssp585_FIO-ESM-2-0_2015-01-01--2100-12-01.nc
CMIP6.ScenarioMIP.FIO-QLNM.FIO-ESM-2-0.ssp585.r1i1p1f1.Amon.tasmin.gn.v20200922.tasmin_Amon_FIO-ESM-2-0_ssp585_r1i1p1f1_gn_201501-210012.nc|cmip.fio.org.cn,CMIP6.ScenarioMIP.FIO-QLNM.FIO-ESM-2-0.ssp585.r1i1p1f1.Amon.tasmin.gn.v20200922|cmip.fio.org.cn,CMIP6,ScenarioMIP,FIO-QLNM,FIO-ESM-2-0,ssp585,r1i1p1f1,Amon,mon,gn,1,100 km,tasmin,Daily Minimum Near-Surface Air Temperature,K,2015-01-01T00:00:00Z,2100-12-01T00:00:00Z,172366902,cmip.fio.org.cn,http://cmip.fio.org.cn/thredds/fileServer/esg_dataroot/cmip6/CMIP6/ScenarioMIP/FIO-QLNM/FIO-ESM-2-0/ssp585/r1i1p1f1/Amon/tasmin/gn/v20200922/tasmin_Amon_FIO-ESM-2-0_ssp585_r1i1p1f1_gn_201501-210012.nc,hdl:21.14100/ddb7c004-ed49-4994-af7d-29a5a14ade0c,Daily Minimum Near-Surface Air Temperature,daily_minimum_near_surface_air_temperature,fio_esm_2_0,/Users/scottericr/Documents/heliconia-cmip/data_raw/fio_esm_2_0/ssp585,tasmin_ssp585_FIO-ESM-2-0_2015-01-01--2100-12-01.nc,/Users/scottericr/Documents/heliconia-cmip/data_raw/fio_esm_2_0/ssp585/tasmin_ssp585_FIO-ESM-2-0_2015-01-01--2100-12-01.nc
CMIP6.ScenarioMIP.MRI.MRI-ESM2-0.ssp126.r1i1p1f1.Amon.hfls.gn.v20191108.hfls_Amon_MRI-ESM2-0_ssp126_r1i1p1f1_gn_201501-210012.nc_0|esgf-data2.diasjp.net,CMIP6.ScenarioMIP.MRI.MRI-ESM2-0.ssp126.r1i1p1f1.Amon.hfls.gn.v20191108|esgf-data2.diasjp.net,CMIP6,ScenarioMIP,MRI,MRI-ESM2-0,ssp126,r1i1p1f1,Amon,mon,gn,1,100 km,hfls,Surface Upward Latent Heat Flux,W m-2,2015-01-01T00:00:00Z,2100-12-01T00:00:00Z,164780194,esgf-data2.diasjp.net,http://esgf-data2.diasjp.net/thredds/fileServer/esg_dataroot/CMIP6/ScenarioMIP/MRI/MRI-ESM2-0/ssp126/r1i1p1f1/Amon/hfls/gn/v20191108/hfls_Amon_MRI-ESM2-0_ssp126_r1i1p1f1_gn_201501-210012.nc,hdl:21.14100/38480fd6-f926-4bbf-928e-6f2c9affb1de,Surface Upward Latent Heat Flux,surface_upward_latent_heat_flux,mri_esm2_0,/Users/scottericr/Documents/heliconia-cmip/data_raw/mri_esm2_0/ssp126,hfls_ssp126_MRI-ESM2-0_2015-01-01--2100-12-01.nc,/Users/scottericr/Documents/heliconia-cmip/data_raw/mri_esm2_0/ssp126/hfls_ssp126_MRI-ESM2-0_2015-01-01--2100-12-01.nc
CMIP6.ScenarioMIP.MRI.MRI-ESM2-0.ssp126.r1i1p1f1.Amon.pr.gn.v20191108.pr_Amon_MRI-ESM2-0_ssp126_r1i1p1f1_gn_201501-210012.nc_0|esgf-data2.diasjp.net,CMIP6.ScenarioMIP.MRI.MRI-ESM2-0.ssp126.r1i1p1f1.Amon.pr.gn.v20191108|esgf-data2.diasjp.net,CMIP6,ScenarioMIP,MRI,MRI-ESM2-0,ssp126,r1i1p1f1,Amon,mon,gn,1,100 km,pr,Precipitation,kg m-2 s-1,2015-01-01T00:00:00Z,2100-12-01T00:00:00Z,167241312,esgf-data2.diasjp.net,http://esgf-data2.diasjp.net/thredds/fileServer/esg_dataroot/CMIP6/ScenarioMIP/MRI/MRI-ESM2-0/ssp126/r1i1p1f1/Amon/pr/gn/v20191108/pr_Amon_MRI-ESM2-0_ssp126_r1i1p1f1_gn_201501-210012.nc,hdl:21.14100/e13d93f7-61ee-40eb-94e6-1d58c27f3c5d,Precipitation,precipitation,mri_esm2_0,/Users/scottericr/Documents/heliconia-cmip/data_raw/mri_esm2_0/ssp126,pr_ssp126_MRI-ESM2-0_2015-01-01--2100-12-01.nc,/Users/scottericr/Documents/heliconia-cmip/data_raw/mri_esm2_0/ssp126/pr_ssp126_MRI-ESM2-0_2015-01-01--2100-12-01.nc
CMIP6.ScenarioMIP.MRI.MRI-ESM2-0.ssp245.r1i1p1f1.Amon.hfss.gn.v20190222.hfss_Amon_MRI-ESM2-0_ssp245_r1i1p1f1_gn_201501-210012.nc|esgf-data2.diasjp.net,CMIP6.ScenarioMIP.MRI.MRI-ESM2-0.ssp245.r1i1p1f1.Amon.hfss.gn.v20190222|esgf-data2.diasjp.net,CMIP6,ScenarioMIP,MRI,MRI-ESM2-0,ssp245,r1i1p1f1,Amon,mon,gn,1,100 km,hfss,Surface Upward Sensible Heat Flux,W m-2,2015-01-01T00:00:00Z,2100-12-01T00:00:00Z,166902894,esgf-data2.diasjp.net,http://esgf-data2.diasjp.net/thredds/fileServer/esg_dataroot/CMIP6/ScenarioMIP/MRI/MRI-ESM2-0/ssp245/r1i1p1f1/Amon/hfss/gn/v20190222/hfss_Amon_MRI-ESM2-0_ssp245_r1i1p1f1_gn_201501-210012.nc,hdl:21.14100/e1385b90-75cf-4688-bcee-06a7a629b819,Surface Upward Sensible Heat Flux,surface_upward_sensible_heat_flux,mri_esm2_0,/Users/scottericr/Documents/heliconia-cmip/data_raw/mri_esm2_0/ssp245,hfss_ssp245_MRI-ESM2-0_2015-01-01--2100-12-01.nc,/Users/scottericr/Documents/heliconia-cmip/data_raw/mri_esm2_0/ssp245/hfss_ssp245_MRI-ESM2-0_2015-01-01--2100-12-01.nc
CMIP6.ScenarioMIP.MRI.MRI-ESM2-0.ssp245.r1i1p1f1.Amon.pr.gn.v20190222.pr_Amon_MRI-ESM2-0_ssp245_r1i1p1f1_gn_201501-210012.nc|esgf-data2.diasjp.net,CMIP6.ScenarioMIP.MRI.MRI-ESM2-0.ssp245.r1i1p1f1.Amon.pr.gn.v20190222|esgf-data2.diasjp.net,CMIP6,ScenarioMIP,MRI,MRI-ESM2-0,ssp245,r1i1p1f1,Amon,mon,gn,1,100 km,pr,Precipitation,kg m-2 s-1,2015-01-01T00:00:00Z,2100-12-01T00:00:00Z,167231508,esgf-data2.diasjp.net,http://esgf-data2.diasjp.net/thredds/fileServer/esg_dataroot/CMIP6/ScenarioMIP/MRI/MRI-ESM2-0/ssp245/r1i1p1f1/Amon/pr/gn/v20190222/pr_Amon_MRI-ESM2-0_ssp245_r1i1p1f1_gn_201501-210012.nc,hdl:21.14100/0513747f-7eb1-459a-b240-50cc1a9fefdd,Precipitation,precipitation,mri_esm2_0,/Users/scottericr/Documents/heliconia-cmip/data_raw/mri_esm2_0/ssp245,pr_ssp245_MRI-ESM2-0_2015-01-01--2100-12-01.nc,/Users/scottericr/Documents/heliconia-cmip/data_raw/mri_esm2_0/ssp245/pr_ssp245_MRI-ESM2-0_2015-01-01--2100-12-01.nc
CMIP6.ScenarioMIP.MRI.MRI-ESM2-0.ssp245.r1i1p1f1.Amon.tasmin.gn.v20190222.tasmin_Amon_MRI-ESM2-0_ssp245_r1i1p1f1_gn_201501-210012.nc|esgf-data2.diasjp.net,CMIP6.ScenarioMIP.MRI.MRI-ESM2-0.ssp245.r1i1p1f1.Amon.tasmin.gn.v20190222|esgf-data2.diasjp.net,CMIP6,ScenarioMIP,MRI,MRI-ESM2-0,ssp245,r1i1p1f1,Amon,mon,gn,1,100 km,tasmin,Daily Minimum Near-Surface Air Temperature,K,2015-01-01T00:00:00Z,2100-12-01T00:00:00Z,117863578,esgf-data2.diasjp.net,http://esgf-data2.diasjp.net/thredds/fileServer/esg_dataroot/CMIP6/ScenarioMIP/MRI/MRI-ESM2-0/ssp245/r1i1p1f1/Amon/tasmin/gn/v20190222/tasmin_Amon_MRI-ESM2-0_ssp245_r1i1p1f1_gn_201501-210012.nc,hdl:21.14100/d6bde507-a078-4de1-a343-32fcdfffc231,Daily Minimum Near-Surface Air Temperature,daily_minimum_near_surface_air_temperature,mri_esm2_0,/Users/scottericr/Documents/heliconia-cmip/data_raw/mri_esm2_0/ssp245,tasmin_ssp245_MRI-ESM2-0_2015-01-01--2100-12-01.nc,/Users/scottericr/Documents/heliconia-cmip/data_raw/mri_esm2_0/ssp245/tasmin_ssp245_MRI-ESM2-0_2015-01-01--2100-12-01.nc
CMIP6.ScenarioMIP.MRI.MRI-ESM2-0.ssp585.r1i1p1f1.Amon.hfls.gn.v20191108.hfls_Amon_MRI-ESM2-0_ssp585_r1i1p1f1_gn_201501-210012.nc_0|esgf-data2.diasjp.net,CMIP6.ScenarioMIP.MRI.MRI-ESM2-0.ssp585.r1i1p1f1.Amon.hfls.gn.v20191108|esgf-data2.diasjp.net,CMIP6,ScenarioMIP,MRI,MRI-ESM2-0,ssp585,r1i1p1f1,Amon,mon,gn,1,100 km,hfls,Surface Upward Latent Heat Flux,W m-2,2015-01-01T00:00:00Z,2100-12-01T00:00:00Z,164651880,esgf-data2.diasjp.net,http://esgf-data2.diasjp.net/thredds/fileServer/esg_dataroot/CMIP6/ScenarioMIP/MRI/MRI-ESM2-0/ssp585/r1i1p1f1/Amon/hfls/gn/v20191108/hfls_Amon_MRI-ESM2-0_ssp585_r1i1p1f1_gn_201501-210012.nc,hdl:21.14100/f46ee6c8-98be-46fa-b0ed-b2a5ab58ae5a,Surface Upward Latent Heat Flux,surface_upward_latent_heat_flux,mri_esm2_0,/Users/scottericr/Documents/heliconia-cmip/data_raw/mri_esm2_0/ssp585,hfls_ssp585_MRI-ESM2-0_2015-01-01--2100-12-01.nc,/Users/scottericr/Documents/heliconia-cmip/data_raw/mri_esm2_0/ssp585/hfls_ssp585_MRI-ESM2-0_2015-01-01--2100-12-01.nc
CMIP6.ScenarioMIP.MRI.MRI-ESM2-0.ssp585.r1i1p1f1.Amon.pr.gn.v20191108.pr_Amon_MRI-ESM2-0_ssp585_r1i1p1f1_gn_201501-210012.nc_0|esgf-data2.diasjp.net,CMIP6.ScenarioMIP.MRI.MRI-ESM2-0.ssp585.r1i1p1f1.Amon.pr.gn.v20191108|esgf-data2.diasjp.net,CMIP6,ScenarioMIP,MRI,MRI-ESM2-0,ssp585,r1i1p1f1,Amon,mon,gn,1,100 km,pr,Precipitation,kg m-2 s-1,2015-01-01T00:00:00Z,2100-12-01T00:00:00Z,167241759,esgf-data2.diasjp.net,http://esgf-data2.diasjp.net/thredds/fileServer/esg_dataroot/CMIP6/ScenarioMIP/MRI/MRI-ESM2-0/ssp585/r1i1p1f1/Amon/pr/gn/v20191108/pr_Amon_MRI-ESM2-0_ssp585_r1i1p1f1_gn_201501-210012.nc,hdl:21.14100/995c2d7f-3246-4567-8d18-0e23bc7d5b37,Precipitation,precipitation,mri_esm2_0,/Users/scottericr/Documents/heliconia-cmip/data_raw/mri_esm2_0/ssp585,pr_ssp585_MRI-ESM2-0_2015-01-01--2100-12-01.nc,/Users/scottericr/Documents/heliconia-cmip/data_raw/mri_esm2_0/ssp585/pr_ssp585_MRI-ESM2-0_2015-01-01--2100-12-01.nc
CMIP6.ScenarioMIP.MRI.MRI-ESM2-0.ssp585.r1i1p1f1.Amon.tasmax.gn.v20191108.tasmax_Amon_MRI-ESM2-0_ssp585_r1i1p1f1_gn_201501-210012.nc_0|esgf-data2.diasjp.net,CMIP6.ScenarioMIP.MRI.MRI-ESM2-0.ssp585.r1i1p1f1.Amon.tasmax.gn.v20191108|esgf-data2.diasjp.net,CMIP6,ScenarioMIP,MRI,MRI-ESM2-0,ssp585,r1i1p1f1,Amon,mon,gn,1,100 km,tasmax,Daily Maximum Near-Surface Air Temperature,K,2015-01-01T00:00:00Z,2100-12-01T00:00:00Z,117526110,esgf-data2.diasjp.net,http://esgf-data2.diasjp.net/thredds/fileServer/esg_dataroot/CMIP6/ScenarioMIP/MRI/MRI-ESM2-0/ssp585/r1i1p1f1/Amon/tasmax/gn/v20191108/tasmax_Amon_MRI-ESM2-0_ssp585_r1i1p1f1_gn_201501-210012.nc,hdl:21.14100/421f03b2-8cb7-4473-9d03-0f772c8969c4,Daily Maximum Near-Surface Air Temperature,daily_maximum_near_surface_air_temperature,mri_esm2_0,/Users/scottericr/Documents/heliconia-cmip/data_raw/mri_esm2_0/ssp585,tasmax_ssp585_MRI-ESM2-0_2015-01-01--2100-12-01.nc,/Users/scottericr/Documents/heliconia-cmip/data_raw/mri_esm2_0/ssp585/tasmax_ssp585_MRI-ESM2-0_2015-01-01--2100-12-01.nc
CMIP6.ScenarioMIP.MRI.MRI-ESM2-0.ssp585.r1i1p1f1.Amon.tasmin.gn.v20191108.tasmin_Amon_MRI-ESM2-0_ssp585_r1i1p1f1_gn_201501-210012.nc_0|esgf-data2.diasjp.net,CMIP6.ScenarioMIP.MRI.MRI-ESM2-0.ssp585.r1i1p1f1.Amon.tasmin.gn.v20191108|esgf-data2.diasjp.net,CMIP6,ScenarioMIP,MRI,MRI-ESM2-0,ssp585,r1i1p1f1,Amon,mon,gn,1,100 km,tasmin,Daily Minimum Near-Surface Air Temperature,K,2015-01-01T00:00:00Z,2100-12-01T00:00:00Z,117657081,esgf-data2.diasjp.net,http://esgf-data2.diasjp.net/thredds/fileServer/esg_dataroot/CMIP6/ScenarioMIP/MRI/MRI-ESM2-0/ssp585/r1i1p1f1/Amon/tasmin/gn/v20191108/tasmin_Amon_MRI-ESM2-0_ssp585_r1i1p1f1_gn_201501-210012.nc,hdl:21.14100/e98e5069-3e6c-414a-bf50-480ae2ce2481,Daily Minimum Near-Surface Air Temperature,daily_minimum_near_surface_air_temperature,mri_esm2_0,/Users/scottericr/Documents/heliconia-cmip/data_raw/mri_esm2_0/ssp585,tasmin_ssp585_MRI-ESM2-0_2015-01-01--2100-12-01.nc,/Users/scottericr/Documents/heliconia-cmip/data_raw/mri_esm2_0/ssp585/tasmin_ssp585_MRI-ESM2-0_2015-01-01--2100-12-01.nc
